Workbook

Sheet Player_Guide
A1: Player | B1: BABIP | C1: BABIP_3yr | D1: BABIP_Delta | E1: BABIP_Expectation_Category
A2: Roman Anthony | B2: =VLOOKUP(A2,BABIP!$B$1:$W$349,12,FALSE) -> 0.404 | C2: =VLOOKUP(A2,BABIP3yr!$B$1:$W$349,12,FALSE) -> #N/A | D2: =B2-C2 -> #N/A
A3: Nick Kurtz | B3: =VLOOKUP(A3,BABIP!$B$1:$W$349,12,FALSE) -> 0.364 | C3: =VLOOKUP(A3,BABIP3yr!$B$1:$W$349,12,FALSE) -> #N/A | D3: =B3-C3 -> #N/A
A4: Kyle Teel | B4: =VLOOKUP(A4,BABIP!$B$1:$W$349,12,FALSE) -> 0.361 | C4: =VLOOKUP(A4,BABIP3yr!$B$1:$W$349,12,FALSE) -> #N/A | D4: =B4-C4 -> #N/A
A5: Thomas Saggese | B5: =VLOOKUP(A5,BABIP!$B$1:$W$349,12,FALSE) -> 0.359 | C5: =VLOOKUP(A5,BABIP3yr!$B$1:$W$349,12,FALSE) -> #N/A | D5: =B5-C5 -> #N/A
A6: Jakob Marsee | B6: =VLOOKUP(A6,BABIP!$B$1:$W$349,12,FALSE) -> 0.357 | C6: =VLOOKUP(A6,BABIP3yr!$B$1:$W$349,12,FALSE) -> #N/A | D6: =B6-C6 -> #N/A
A7: Ryan Ritter | B7: =VLOOKUP(A7,BABIP!$B$1:$W$349,12,FALSE) -> 0.349 | C7: =VLOOKUP(A7,BABIP3yr!$B$1:$W$349,12,FALSE) -> #N/A | D7: =B7-C7 -> #N/A
A8: Jake Mangum | B8: =VLOOKUP(A8,BABIP!$B$1:$W$349,12,FALSE) -> 0.345 | C8: =VLOOKUP(A8,BABIP3yr!$B$1:$W$349,12,FALSE) -> #N/A | D8: =B8-C8 -> #N/A
A9: Luke Keaschall | B9: =VLOOKUP(A9,BABIP!$B$1:$W$349,12,FALSE) -> 0.34 | C9: =VLOOKUP(A9,BABIP3yr!$B$1:$W$349,12,FALSE) -> #N/A | D9: =B9-C9 -> #N/A
A10: Daylen Lile | B10: =VLOOKUP(A10,BABIP!$B$1:$W$349,12,FALSE) -> 0.336 | C10: =VLOOKUP(A10,BABIP3yr!$B$1:$W$349,12,FALSE) -> #N/A | D10: =B10-C10 -> #N/A
A11: Heriberto Hernández | B11: =VLOOKUP(A11,BABIP!$B$1:$W$349,12,FALSE) -> 0.335 | C11: =VLOOKUP(A11,BABIP3yr!$B$1:$W$349,12,FALSE) -> #N/A | D11: =B11-C11 -> #N/A
A12: Blaze Alexander | B12: =VLOOKUP(A12,BABIP!$B$1:$W$349,12,FALSE) -> 0.333 | C12: =VLOOKUP(A12,BABIP3yr!$B$1:$W$349,12,FALSE) -> #N/A | D12: =B12-C12 -> #N/A
A13: Chandler Simpson | B13: =VLOOKUP(A13,BABIP!$B$1:$W$349,12,FALSE) -> 0.327 | C13: =VLOOKUP(A13,BABIP3yr!$B$1:$W$349,12,FALSE) -> #N/A | D13: =B13-C13 -> #N/A
... A82: Jac Caglianone | B82: =VLOOKUP(A82,BABIP!$B$1:$W$349,12,FALSE) -> 0.172 | C82: =VLOOKUP(A82,BABIP3yr!$B$1:$W$349,12,FALSE) -> #N/A | D82: =B82-C82 -> #N/A
A83: Matt Wallner | B83: =VLOOKUP(A83,BABIP!$B$1:$W$349,12,FALSE) -> 0.228 | C83: =VLOOKUP(A83,BABIP3yr!$B$1:$W$349,12,FALSE) -> 0.297 | D83: =B83-C83 -> -0.069 | E83: Improve
A84: LaMonte Wade Jr. | B84: =VLOOKUP(A84,BABIP!$B$1:$W$349,12,FALSE) -> 0.22 | C84: =VLOOKUP(A84,BABIP3yr!$B$1:$W$349,12,FALSE) -> 0.289 | D84: =B84-C84 -> -0.069 | E84: Improve
A85: Jake McCarthy | B85: =VLOOKUP(A85,BABIP!$B$1:$W$349,12,FALSE) -> 0.233 | C85: =VLOOKUP(A85,BABIP3yr!$B$1:$W$349,12,FALSE) -> 0.301 | D85: =B85-C85 -> -0.068 | E85: Improve
A86: Joc Pederson | B86: =VLOOKUP(A86,BABIP!$B$1:$W$349,12,FALSE) -> 0.203 | C86: =VLOOKUP(A86,BABIP3yr!$B$1:$W$349,12,FALSE) -> 0.269 | D86: =B86-C86 -> -0.066 | E86: Improve
A87: Tyler O'Neill | B87: =VLOOKUP(A87,BABIP!$B$1:$W$349,12,FALSE) -> 0.218 | C87: =VLOOKUP(A87,BABIP3yr!$B$1:$W$349,12,FALSE) -> 0.277 | D87: =B87-C87 -> -0.059 | E87: Improve
A88: Will Benson | B88: =VLOOKUP(A88,BABIP!$B$1:$W$349,12,FALSE) -> 0.255 | C88: =VLOOKUP(A88,BABIP3yr!$B$1:$W$349,12,FALSE) -> 0.311 | D88: =B88-C88 -> -0.056 | E88: Improve
A89: Elias Díaz | B89: =VLOOKUP(A89,BABIP!$B$1:$W$349,12,FALSE) -> 0.25 | C89: =VLOOKUP(A89,BABIP3yr!$B$1:$W$349,12,FALSE) -> 0.306 | D89: =B89-C89 -> -0.056 | E89: Improve
A90: Josh Rojas | B90: =VLOOKUP(A90,BABIP!$B$1:$W$349,12,FALSE) -> 0.227 | C90: =VLOOKUP(A90,BABIP3yr!$B$1:$W$349,12,FALSE) -> 0.282 | D90: =B90-C90 -> -0.055 | E90: Improve
A91: Jose Iglesias | B91: =VLOOKUP(A91,BABIP!$B$1:$W$349,12,FALSE) -> 0.269 | C91: =VLOOKUP(A91,BABIP3yr!$B$1:$W$349,12,FALSE) -> 0.323 | D91: =B91-C91 -> -0.054 | E91: Improve
A92: Josh Lowe | B92: =VLOOKUP(A92,BABIP!$B$1:$W$349,12,FALSE) -> 0.273 | C92: =VLOOKUP(A92,BABIP3yr!$B$1:$W$349,12,FALSE) -> 0.324 | D92: =B92-C92 -> -0.051 | E92: Improve
A93: Nolan Jones | B93: =VLOOKUP(A93,BABIP!$B$1:$W$349,12,FALSE) -> 0.292 | C93: =VLOOKUP(A93,BABIP3yr!$B$1:$W$349,12,FALSE) -> 0.341 | D93: =B93-C93 -> -0.049 | E93: Improve
A94: Seiya Suzuki | B94: =VLOOKUP(A94,BABIP!$B$1:$W$349,12,FALSE) -> 0.282 | C94: =VLOOKUP(A94,BABIP3yr!$B$1:$W$349,12,FALSE) -> 0.329 | D94: =B94-C94 -> -0.047 | E94: Improve
... A349: Pavin Smith | B349: =VLOOKUP(A349,BABIP!$B$1:$W$349,12,FALSE) -> 0.377 | C349: =VLOOKUP(A349,BABIP3yr!$B$1:$W$349,12,FALSE) -> 0.291 | D349: =B349-C349 -> 0.086 | E349: Regress

Sheet BABIP
A1: # | B1: Name | C1: Team | D1: G | E1: PA | F1: HR | G1: R | H1: RBI | I1: SB | J1: BB% | K1: K% | L1: ISO | M1: BABIP | N1: AVG | O1: OBP | P1: SLG | Q1: wOBA | R1: xwOBA | S1: wRC+ | T1: BsR | U1: Off | V1: Def | W1: WAR
A2: 1 | B2: Jonathan Aranda | C2: TBR | D2: 106 | E2: 422 | F2: 14 | G2: 56 | H2: 59 | I2: 0 | J2: 0.097 | K2: 0.254 | L2: 0.173 | M2: 0.409 | N2: 0.316 | O2: 0.393 | P2: 0.489 | Q2: 0.381 | R2: 0.382 | S2: 146 | T2: -6.3 | U2: 16.6 | V2: -6.3 | W2: 2.5
A3: 2 | B3: Roman Anthony | C3: BOS | D3: 71 | E3: 303 | F3: 8 | G3: 48 | H3: 32 | I3: 4 | J3: 0.132 | K3: 0.277 | L3: 0.171 | M3: 0.404 | N3: 0.292 | O3: 0.396 | P3: 0.463 | Q3: 0.376 | R3: 0.372 | S3: 140 | T3: 1.2 | U3: 15.3 | V3: 0.9 | W3: 2.7
A4: 3 | B4: Romy Gonzalez | C4: BOS | D4: 96 | E4: 341 | F4: 9 | G4: 47 | H4: 53 | I4: 6 | J4: 0.053 | K4: 0.238 | L4: 0.178 | M4: 0.378 | N4: 0.305 | O4: 0.343 | P4: 0.483 | Q4: 0.352 | R4: 0.344 | S4: 123 | T4: -2 | U4: 7.2 | V4: -4.7 | W4: 1.5
A5: 4 | B5: Pavin Smith | C5: ARI | D5: 87 | E5: 288 | F5: 8 | G5: 36 | H5: 28 | I5: 2 | J5: 0.142 | K5: 0.319 | L5: 0.176 | M5: 0.377 | N5: 0.258 | O5: 0.362 | P5: 0.434 | Q5: 0.348 | R5: 0.319 | S5: 123 | T5: -2 | U5: 5.8 | V5: -8.6 | W5: 0.7
A6: 5 | B6: Aaron Judge | C6: NYY | D6: 152 | E6: 679 | F6: 53 | G6: 137 | H6: 114 | I6: 12 | J6: 0.183 | K6: 0.236 | L6: 0.357 | M6: 0.376 | N6: 0.331 | O6: 0.457 | P6: 0.688 | Q6: 0.463 | R6: 0.459 | S6: 204 | T6: -4.1 | U6: 79.5 | V6: -3.8 | W6: 10.1
A7: 6 | B7: Nick Kurtz | C7: ATH | D7: 117 | E7: 489 | F7: 36 | G7: 90 | H7: 86 | I7: 2 | J7: 0.129 | K7: 0.309 | L7: 0.329 | M7: 0.364 | N7: 0.29 | O7: 0.383 | P7: 0.619 | Q7: 0.419 | R7: 0.372 | S7: 170 | T7: -0.3 | U7: 40.2 | V7: -12.1 | W7: 4.6
A8: 7 | B8: Brandon Marsh | C8: PHI | D8: 133 | E8: 425 | F8: 11 | G8: 59 | H8: 43 | I8: 7 | J8: 0.089 | K8: 0.259 | L8: 0.164 | M8: 0.363 | N8: 0.28 | O8: 0.342 | P8: 0.443 | Q8: 0.339 | R8: 0.33 | S8: 116 | T8: 2.6 | U8: 10.8 | V8: -1.3 | W8: 2.4
A9: 8 | B9: Kyle Teel | C9: CHW | D9: 78 | E9: 297 | F9: 8 | G9: 38 | H9: 35 | I9: 3 | J9: 0.125 | K9: 0.259 | L9: 0.138 | M9: 0.361 | N9: 0.273 | O9: 0.375 | P9: 0.411 | Q9: 0.349 | R9: 0.337 | S9: 125 | T9: -1.3 | U9: 7.4 | V9: 0.7 | W9: 1.9
A10: 9 | B10: Thomas Saggese | C10: STL | D10: 82 | E10: 295 | F10: 2 | G10: 25 | H10: 25 | I10: 3 | J10: 0.054 | K10: 0.281 | L10: 0.084 | M10: 0.359 | N10: 0.258 | O10: 0.299 | P10: 0.342 | Q10: 0.282 | R10: 0.281 | S10: 81 | T10: 0.6 | U10: -6 | V10: 1.3 | W10: 0.5
A11: 10 | B11: Harrison Bader | C11: 2 Tms | D11: 146 | E11: 501 | F11: 17 | G11: 61 | H11: 54 | I11: 11 | J11: 0.078 | K11: 0.271 | L11: 0.172 | M11: 0.359 | N11: 0.277 | O11: 0.347 | P11: 0.449 | Q11: 0.346 | R11: 0.297 | S11: 122 | T11: -1 | U11: 12 | V11: 2.2 | W11: 3.2
A12: 11 | B12: Ronald Acuña Jr. | C12: ATL | D12: 95 | E12: 412 | F12: 21 | G12: 74 | H12: 42 | I12: 9 | J12: 0.172 | K12: 0.248 | L12: 0.228 | M12: 0.358 | N12: 0.29 | O12: 0.417 | P12: 0.518 | Q12: 0.403 | R12: 0.397 | S12: 161 | T12: 1.9 | U12: 31.7 | V12: -11.2 | W12: 3.5
A13: 12 | B13: Jakob Marsee | C13: MIA | D13: 55 | E13: 234 | F13: 5 | G13: 28 | H13: 33 | I13: 14 | J13: 0.094 | K13: 0.205 | L13: 0.187 | M13: 0.357 | N13: 0.292 | O13: 0.363 | P13: 0.478 | Q13: 0.363 | R13: 0.347 | S13: 133 | T13: 2.2 | U13: 11.4 | V13: 1.8 | W13: 2.2
... A349: 348 | B349: Jac Caglianone | C349: KCR | D349: 62 | E349: 232 | F349: 7 | G349: 19 | H349: 18 | I349: 1 | J349: 0.078 | K349: 0.224 | L349: 0.138 | M349: 0.172 | N349: 0.157 | O349: 0.237 | P349: 0.295 | Q349: 0.239 | R349: 0.321 | S349: 46 | T349: 0.1 | U349: -14.6 | V349: -8.7 | W349: -1.6

Sheet BABIP3yr
A1: # | B1: Name | C1: Team | D1: G | E1: PA | F1: HR | G1: R | H1: RBI | I1: SB | J1: BB% | K1: K% | L1: ISO | M1: BABIP | N1: AVG | O1: OBP | P1: SLG | Q1: wOBA | R1: xwOBA | S1: wRC+ | T1: BsR | U1: Off | V1: Def | W1: WAR
A2: 1 | B2: Brandon Marsh | C2: PHI | D2: 401 | E2: 1373 | F2: 39 | G2: 172 | H2: 163 | I2: 36 | J2: 0.107 | K2: 0.297 | L2: 0.172 | M2: 0.369 | N2: 0.268 | O2: 0.347 | P2: 0.44 | Q2: 0.341 | R2: 0.326 | S2: 116 | T2: 8.2 | U2: 34.4 | V2: 0.6 | W2: 8.2
A3: 2 | B3: Jonathan Aranda | C3: TBR | D3: 184 | E3: 668 | F3: 22 | G3: 91 | H3: 86 | I3: 0 | J3: 0.099 | K3: 0.254 | L3: 0.173 | M3: 0.364 | N3: 0.285 | O3: 0.367 | P3: 0.458 | Q3: 0.357 | R3: 0.361 | S3: 132 | T3: -7.9 | U3: 17.3 | V3: -10.4 | W3: 3
A4: 3 | B4: Aaron Judge | C4: NYY | D4: 416 | E4: 1841 | F4: 148 | G4: 338 | H4: 333 | I4: 25 | J4: 0.187 | K4: 0.25 | L4: 0.363 | M4: 0.355 | N4: 0.312 | O4: 0.445 | P4: 0.674 | Q4: 0.457 | R4: 0.469 | S4: 203 | T4: -7 | U4: 213.4 | V4: -19.3 | W4: 26.2
A5: 4 | B5: James Wood | C5: WSN | D5: 236 | E5: 1025 | F5: 40 | G5: 130 | H5: 135 | I5: 29 | J5: 0.121 | K5: 0.31 | L5: 0.2 | M5: 0.355 | N5: 0.259 | O5: 0.351 | P5: 0.459 | Q5: 0.349 | R5: 0.359 | S5: 125 | T5: -0.5 | U5: 29.7 | V5: -19.4 | W5: 4.6
A6: 5 | B6: Victor Robles | C6: 2 Tms | D6: 159 | E6: 535 | F6: 5 | G6: 71 | H6: 45 | I6: 48 | J6: 0.065 | K6: 0.181 | L6: 0.103 | M6: 0.354 | N6: 0.291 | O6: 0.36 | P6: 0.394 | Q6: 0.334 | R6: 0.309 | S6: 120 | T6: 8.9 | U6: 21.2 | V6: -8.1 | W6: 3.2
A7: 6 | B7: Xavier Edwards | C7: MIA | D7: 239 | E7: 1006 | F7: 4 | G7: 126 | H7: 72 | I7: 63 | J7: 0.084 | K7: 0.153 | L7: 0.074 | M7: 0.352 | N7: 0.298 | O7: 0.358 | P7: 0.372 | Q7: 0.322 | R7: 0.294 | S7: 105 | T7: 10.7 | U7: 16.2 | V7: -2.3 | W7: 4.9
A8: 7 | B8: Romy Gonzalez | C8: 2 Tms | D8: 229 | E8: 654 | F8: 18 | G8: 83 | H8: 96 | I8: 24 | J8: 0.049 | K8: 0.268 | L8: 0.17 | M8: 0.351 | N8: 0.275 | O8: 0.311 | P8: 0.445 | Q8: 0.322 | R8: 0.324 | S8: 104 | T8: -0.3 | U8: 2.7 | V8: -11.7 | W8: 1.4
A9: 8 | B9: Donovan Solano | C9: 4 Tms | D9: 301 | E9: 938 | F9: 16 | G9: 84 | H9: 94 | I9: 2 | J9: 0.075 | K9: 0.219 | L9: 0.113 | M9: 0.347 | N9: 0.276 | O9: 0.345 | P9: 0.389 | Q9: 0.325 | R9: 0.321 | S9: 109 | T9: -6.9 | U9: 3.4 | V9: -16.9 | W9: 1.8
A10: 9 | B10: Jarren Duran | C10: BOS | D10: 419 | E10: 1793 | F10: 45 | G10: 243 | H10: 199 | I10: 82 | J10: 0.077 | K10: 0.234 | L10: 0.195 | M10: 0.345 | N10: 0.276 | O10: 0.339 | P10: 0.471 | Q10: 0.348 | R10: 0.331 | S10: 121 | T10: 22.7 | U10: 67.2 | V10: 1.6 | W10: 13.2
A11: 10 | B11: Elly De La Cruz | C11: CIN | D11: 420 | E11: 1822 | F11: 60 | G11: 274 | H11: 206 | I11: 139 | J11: 0.094 | K11: 0.298 | L11: 0.19 | M11: 0.345 | N11: 0.255 | O11: 0.329 | P11: 0.445 | Q11: 0.332 | R11: 0.321 | S11: 107 | T11: 23.5 | U11: 38.4 | V11: 25.3 | W11: 12.8
A12: 11 | B12: Harold Ramírez | C12: 2 Tms | D12: 195 | E12: 680 | F12: 14 | G12: 86 | H12: 97 | I12: 11 | J12: 0.04 | K12: 0.19 | L12: 0.116 | M12: 0.345 | N12: 0.293 | O12: 0.326 | P12: 0.409 | Q12: 0.319 | R12: 0.296 | S12: 107 | T12: -1.3 | U12: 4.9 | V12: -19.6 | W12: 0.8
A13: 12 | B13: Riley Greene | C13: DET | D13: 393 | E13: 1655 | F13: 71 | G13: 217 | H13: 222 | I13: 13 | J13: 0.088 | K13: 0.285 | L13: 0.209 | M13: 0.342 | N13: 0.267 | O13: 0.334 | P13: 0.477 | Q13: 0.348 | R13: 0.35 | S13: 125 | T13: -0.1 | U13: 48.1 | V13: -14.8 | W13: 9.1
... A404: 403 | B404: Austin Hedges | C404: 3 Tms | D404: 218 | E404: 538 | F404: 8 | G404: 39 | H404: 41 | I404: 4 | J404: 0.065 | K404: 0.26 | L404: 0.074 | M404: 0.215 | N404: 0.167 | O404: 0.231 | P404: 0.242 | Q404: 0.214 | R404: 0.23 | S404: 32 | T404: -2.1 | U404: -45.9 | V404: 53.6 | W404: 2.6
