Workbook

Sheet Pitcher
A1: Player | B1: BABIP | C1: BABIP_3yr | D1: BABIP_Delta | E1: BABIP_Expectation_Category
A2: Taylor Clarke | B2: =VLOOKUP(A2,BABIP!$B$1:$W$476,12,FALSE) -> 0.208 | C2: =VLOOKUP(A2,BABIP_3yr!$B$1:$W$577,12,FALSE) -> 0.291 | D2: =B2-C2 -> -0.083 | E2: Regress
A3: Chris Flexen | B3: =VLOOKUP(A3,BABIP!$B$1:$W$476,12,FALSE) -> 0.226 | C3: =VLOOKUP(A3,BABIP_3yr!$B$1:$W$577,12,FALSE) -> 0.308 | D3: =B3-C3 -> -0.082 | E3: Regress
A4: DL Hall | B4: =VLOOKUP(A4,BABIP!$B$1:$W$476,12,FALSE) -> 0.202 | C4: =VLOOKUP(A4,BABIP_3yr!$B$1:$W$577,12,FALSE) -> 0.284 | D4: =B4-C4 -> -0.082 | E4: Regress
A5: Chris Murphy | B5: =VLOOKUP(A5,BABIP!$B$1:$W$476,12,FALSE) -> 0.191 | C5: =VLOOKUP(A5,BABIP_3yr!$B$1:$W$577,12,FALSE) -> 0.271 | D5: =B5-C5 -> -0.08 | E5: Regress
A6: Shawn Armstrong | B6: =VLOOKUP(A6,BABIP!$B$1:$W$476,12,FALSE) -> 0.196 | C6: =VLOOKUP(A6,BABIP_3yr!$B$1:$W$577,12,FALSE) -> 0.274 | D6: =B6-C6 -> -0.078 | E6: Regress
A7: Aroldis Chapman | B7: =VLOOKUP(A7,BABIP!$B$1:$W$476,12,FALSE) -> 0.2 | C7: =VLOOKUP(A7,BABIP_3yr!$B$1:$W$577,12,FALSE) -> 0.276 | D7: =B7-C7 -> -0.076 | E7: Regress
A8: Martín Pérez | B8: =VLOOKUP(A8,BABIP!$B$1:$W$476,12,FALSE) -> 0.221 | C8: =VLOOKUP(A8,BABIP_3yr!$B$1:$W$577,12,FALSE) -> 0.291 | D8: =B8-C8 -> -0.07 | E8: Regress
A9: Dylan Dodd | B9: =VLOOKUP(A9,BABIP!$B$1:$W$476,12,FALSE) -> 0.242 | C9: =VLOOKUP(A9,BABIP_3yr!$B$1:$W$577,12,FALSE) -> 0.311 | D9: =B9-C9 -> -0.069 | E9: Regress
A10: Nick Mears | B10: =VLOOKUP(A10,BABIP!$B$1:$W$476,12,FALSE) -> 0.227 | C10: =VLOOKUP(A10,BABIP_3yr!$B$1:$W$577,12,FALSE) -> 0.288 | D10: =B10-C10 -> -0.061 | E10: Regress
A11: Jalen Beeks | B11: =VLOOKUP(A11,BABIP!$B$1:$W$476,12,FALSE) -> 0.231 | C11: =VLOOKUP(A11,BABIP_3yr!$B$1:$W$577,12,FALSE) -> 0.292 | D11: =B11-C11 -> -0.061 | E11: Regress
A12: Johan Oviedo | B12: =VLOOKUP(A12,BABIP!$B$1:$W$476,12,FALSE) -> 0.208 | C12: =VLOOKUP(A12,BABIP_3yr!$B$1:$W$577,12,FALSE) -> 0.268 | D12: =B12-C12 -> -0.06 | E12: Regress
A13: Ian Hamilton | B13: =VLOOKUP(A13,BABIP!$B$1:$W$476,12,FALSE) -> 0.24 | C13: =VLOOKUP(A13,BABIP_3yr!$B$1:$W$577,12,FALSE) -> 0.299 | D13: =B13-C13 -> -0.059 | E13: Regress
... A398: Kirby Yates | B398: =VLOOKUP(A398,BABIP!$B$1:$W$476,12,FALSE) -> 0.293 | C398: =VLOOKUP(A398,BABIP_3yr!$B$1:$W$577,12,FALSE) -> 0.22 | D398: =B398-C398 -> 0.073 | E398: Improve
A399: AJ Blubaugh | B399: =VLOOKUP(A399,BABIP!$B$1:$W$476,12,FALSE) -> 0.153 | C399: =VLOOKUP(A399,BABIP_3yr!$B$1:$W$577,12,FALSE) -> #N/A | D399: =B399-C399 -> #N/A
A400: Cole Winn | B400: =VLOOKUP(A400,BABIP!$B$1:$W$476,12,FALSE) -> 0.194 | C400: =VLOOKUP(A400,BABIP_3yr!$B$1:$W$577,12,FALSE) -> #N/A | D400: =B400-C400 -> #N/A
A401: Troy Melton | B401: =VLOOKUP(A401,BABIP!$B$1:$W$476,12,FALSE) -> 0.198 | C401: =VLOOKUP(A401,BABIP_3yr!$B$1:$W$577,12,FALSE) -> #N/A | D401: =B401-C401 -> #N/A
A402: José Fermin | B402: =VLOOKUP(A402,BABIP!$B$1:$W$476,12,FALSE) -> 0.21 | C402: =VLOOKUP(A402,BABIP_3yr!$B$1:$W$577,12,FALSE) -> #N/A | D402: =B402-C402 -> #N/A
A403: Chase Shugart | B403: =VLOOKUP(A403,BABIP!$B$1:$W$476,12,FALSE) -> 0.214 | C403: =VLOOKUP(A403,BABIP_3yr!$B$1:$W$577,12,FALSE) -> #N/A | D403: =B403-C403 -> #N/A
A404: Matt Svanson | B404: =VLOOKUP(A404,BABIP!$B$1:$W$476,12,FALSE) -> 0.216 | C404: =VLOOKUP(A404,BABIP_3yr!$B$1:$W$577,12,FALSE) -> #N/A | D404: =B404-C404 -> #N/A
A405: John Curtiss | B405: =VLOOKUP(A405,BABIP!$B$1:$W$476,12,FALSE) -> 0.224 | C405: =VLOOKUP(A405,BABIP_3yr!$B$1:$W$577,12,FALSE) -> #N/A | D405: =B405-C405 -> #N/A
A406: Jack Perkins | B406: =VLOOKUP(A406,BABIP!$B$1:$W$476,12,FALSE) -> 0.23 | C406: =VLOOKUP(A406,BABIP_3yr!$B$1:$W$577,12,FALSE) -> #N/A | D406: =B406-C406 -> #N/A
A407: Luis Morales | B407: =VLOOKUP(A407,BABIP!$B$1:$W$476,12,FALSE) -> 0.233 | C407: =VLOOKUP(A407,BABIP_3yr!$B$1:$W$577,12,FALSE) -> #N/A | D407: =B407-C407 -> #N/A
A408: Justin Sterner | B408: =VLOOKUP(A408,BABIP!$B$1:$W$476,12,FALSE) -> 0.234 | C408: =VLOOKUP(A408,BABIP_3yr!$B$1:$W$577,12,FALSE) -> #N/A | D408: =B408-C408 -> #N/A
A409: Roki Sasaki | B409: =VLOOKUP(A409,BABIP!$B$1:$W$476,12,FALSE) -> 0.235 | C409: =VLOOKUP(A409,BABIP_3yr!$B$1:$W$577,12,FALSE) -> #N/A | D409: =B409-C409 -> #N/A
A410: Mason Fluharty | B410: =VLOOKUP(A410,BABIP!$B$1:$W$476,12,FALSE) -> 0.236 | C410: =VLOOKUP(A410,BABIP_3yr!$B$1:$W$577,12,FALSE) -> #N/A | D410: =B410-C410 -> #N/A
... A476: Grant Taylor | B476: =VLOOKUP(A476,BABIP!$B$1:$W$476,12,FALSE) -> 0.42 | C476: =VLOOKUP(A476,BABIP_3yr!$B$1:$W$577,12,FALSE) -> #N/A | D476: =B476-C476 -> #N/A

Sheet BABIP
A1: # | B1: Name | C1: Team | D1: W | E1: L | F1: SV | G1: G | H1: GS | I1: IP | J1: K/9 | K1: BB/9 | L1: HR/9 | M1: BABIP | N1: LOB% | O1: GB% | P1: HR/FB | Q1: vFA (pi) | R1: ERA | S1: xERA | T1: FIP | U1: xFIP | V1: WAR
A2: 1 | B2: AJ Blubaugh | C2: HOU | D2: 3 | E2: 1 | F2: 0 | G2: 11 | H2: 3 | I2: 32 | J2: 9.84 | K2: 3.09 | L2: 1.69 | M2: 0.153 | N2: 0.867 | O2: 0.338 | P2: 0.136 | Q2: 94.5 | R2: 1.69 | S2: 3.2 | T2: 4.42 | U2: 4.1 | V2: 0.1
A3: 2 | B3: Chris Murphy | C3: BOS | D3: 3 | E3: 0 | F3: 0 | G3: 23 | H3: 0 | I3: 34.2 | J3: 7.79 | K3: 5.19 | L3: 1.04 | M3: 0.191 | N3: 0.842 | O3: 0.543 | P3: 0.138 | Q3: 94.3 | R3: 3.12 | S3: 4 | T3: 5.07 | U3: 4.86 | V3: -0.2
A4: 3 | B4: Cole Winn | C4: TEX | D4: 0 | E4: 1 | F4: 0 | G4: 33 | H4: 0 | I4: 41.2 | J4: 7.56 | K4: 3.67 | L4: 0.65 | M4: 0.194 | N4: 0.905 | O4: 0.471 | P4: 0.079 | Q4: 96.3 | R4: 1.51 | S4: 4.19 | T4: 3.9 | U4: 4.37 | V4: 0.2
A5: 4 | B5: Kenley Jansen | C5: LAA | D5: 5 | E5: 4 | F5: 29 | G5: 62 | H5: 0 | I5: 59 | J5: 8.69 | K5: 2.9 | L5: 1.22 | M5: 0.195 | N5: 0.852 | O5: 0.273 | P5: 0.088 | R5: 2.59 | S5: 3.73 | T5: 3.98 | U5: 4.6 | V5: 0.6
A6: 5 | B6: Shawn Armstrong | C6: TEX | D6: 4 | E6: 3 | F6: 9 | G6: 71 | H6: 2 | I6: 74 | J6: 9 | K6: 2.43 | L6: 0.61 | M6: 0.196 | N6: 0.763 | O6: 0.359 | P6: 0.058 | Q6: 93.6 | R6: 2.31 | S6: 3.02 | T6: 3.07 | U6: 3.98 | V6: 1.4
A7: 6 | B7: Félix Bautista | C7: BAL | D7: 1 | E7: 1 | F7: 19 | G7: 35 | H7: 0 | I7: 34.2 | J7: 12.98 | K7: 5.97 | L7: 0.78 | M7: 0.197 | N7: 0.833 | O7: 0.507 | P7: 0.12 | R7: 2.6 | S7: 2.83 | T7: 3.37 | U7: 3.35 | V7: 0.6
A8: 7 | B8: Troy Melton | C8: DET | D8: 3 | E8: 2 | F8: 0 | G8: 16 | H8: 4 | I8: 45.2 | J8: 7.09 | K8: 2.96 | L8: 1.38 | M8: 0.198 | N8: 0.86 | O8: 0.425 | P8: 0.123 | Q8: 97.1 | R8: 2.76 | S8: 3.64 | T8: 4.6 | U8: 4.53 | V8: 0.1
A9: 8 | B9: Aroldis Chapman | C9: BOS | D9: 5 | E9: 3 | F9: 32 | G9: 67 | H9: 0 | I9: 61.1 | J9: 12.47 | K9: 2.2 | L9: 0.44 | M9: 0.2 | N9: 0.876 | O9: 0.386 | P9: 0.053 | Q9: 98.5 | R9: 1.17 | S9: 2.06 | T9: 1.73 | U9: 2.53 | V9: 2.6
A10: 9 | B10: Emilio Pagán | C10: CIN | D10: 2 | E10: 4 | F10: 32 | G10: 70 | H10: 0 | I10: 68.2 | J10: 10.62 | K10: 2.88 | L10: 1.31 | M10: 0.2 | N10: 0.765 | O10: 0.287 | P10: 0.108 | Q10: 95.7 | R10: 2.88 | S10: 2.88 | T10: 3.72 | U10: 3.91 | V10: 1
A11: 10 | B11: DL Hall | C11: MIL | D11: 1 | E11: 0 | F11: 0 | G11: 20 | H11: 3 | I11: 38.2 | J11: 6.28 | K11: 3.96 | L11: 0.47 | M11: 0.202 | N11: 0.681 | O11: 0.378 | P11: 0.044 | Q11: 93.9 | R11: 3.49 | S11: 3.54 | T11: 3.73 | U11: 4.85 | V11: 0.4
A12: 11 | B12: Josh Hader | C12: HOU | D12: 6 | E12: 2 | F12: 28 | G12: 48 | H12: 0 | I12: 52.2 | J12: 12.99 | K12: 2.73 | L12: 1.37 | M12: 0.202 | N12: 0.866 | O12: 0.213 | P12: 0.123 | R12: 2.05 | S12: 2 | T12: 3.25 | U12: 3.18 | V12: 1.1
A13: 12 | B13: Taylor Clarke | C13: KCR | D13: 1 | E13: 1 | F13: 1 | G13: 51 | H13: 0 | I13: 55.1 | J13: 7.16 | K13: 1.46 | L13: 1.3 | M13: 0.208 | N13: 0.761 | O13: 0.441 | P13: 0.14 | Q13: 95 | R13: 3.25 | S13: 3.66 | T13: 3.97 | U13: 3.68 | V13: 0.3
A14: 13 | B14: Johan Oviedo | C14: PIT | D14: 2 | E14: 1 | F14: 0 | G14: 9 | H14: 9 | I14: 40.1 | J14: 9.37 | K14: 5.13 | L14: 1.34 | M14: 0.208 | N14: 0.803 | O14: 0.304 | P14: 0.12 | Q14: 95.3 | R14: 3.57 | S14: 4.16 | T14: 4.92 | U14: 4.9 | V14: 0.2
A15: 14 | B15: José Fermin | C15: LAA | D15: 3 | E15: 2 | F15: 0 | G15: 40 | H15: 0 | I15: 34.1 | J15: 10.22 | K15: 6.03 | L15: 2.1 | M15: 0.21 | N15: 0.741 | O15: 0.303 | P15: 0.163 | Q15: 97 | R15: 4.46 | S15: 4.09 | T15: 5.99 | U15: 5.16 | V15: -0.5
A16: 15 | B16: Dennis Santana | C16: PIT | D16: 4 | E16: 5 | F16: 16 | G16: 70 | H16: 0 | I16: 70.1 | J16: 7.68 | K16: 2.18 | L16: 0.64 | M16: 0.211 | N16: 0.807 | O16: 0.384 | P16: 0.058 | Q16: 94.7 | R16: 2.18 | S16: 3.5 | T16: 3.21 | U16: 4.17 | V16: 1.2
A17: 16 | B17: Anthony Bender | C17: MIA | D17: 3 | E17: 5 | F17: 4 | G17: 51 | H17: 0 | I17: 50 | J17: 7.56 | K17: 3.78 | L17: 0.54 | M17: 0.213 | N17: 0.827 | O17: 0.486 | P17: 0.057 | Q17: 96 | R17: 2.16 | S17: 3.55 | T17: 3.62 | U17: 4.47 | V17: 0.4
A18: 17 | B18: Chase Shugart | C18: PIT | D18: 4 | E18: 3 | F18: 0 | G18: 35 | H18: 0 | I18: 45 | J18: 6.2 | K18: 3.4 | L18: 1.2 | M18: 0.214 | N18: 0.775 | O18: 0.333 | P18: 0.097 | Q18: 95.4 | R18: 3.4 | S18: 4.64 | T18: 4.69 | U18: 5.08 | V18: -0.1
A19: 18 | B19: Matt Svanson | C19: STL | D19: 4 | E19: 0 | F19: 0 | G19: 39 | H19: 0 | I19: 60.1 | J19: 10.14 | K19: 2.98 | L19: 0.45 | M19: 0.216 | N19: 0.814 | O19: 0.421 | P19: 0.058 | Q19: 96.6 | R19: 1.94 | S19: 3.08 | T19: 2.72 | U19: 3.4 | V19: 1
A20: 19 | B20: Jacob Webb | C20: TEX | D20: 5 | E20: 4 | F20: 1 | G20: 55 | H20: 0 | I20: 66 | J20: 7.91 | K20: 2.59 | L20: 1.36 | M20: 0.219 | N20: 0.821 | O20: 0.319 | P20: 0.105 | Q20: 93.5 | R20: 3 | S20: 3.23 | T20: 4.3 | U20: 4.55 | V20: 0.2
A21: 20 | B21: Shota Imanaga | C21: CHC | D21: 9 | E21: 8 | F21: 0 | G21: 25 | H21: 25 | I21: 144.2 | J21: 7.28 | K21: 1.62 | L21: 1.93 | M21: 0.219 | N21: 0.815 | O21: 0.292 | P21: 0.136 | Q21: 90.8 | R21: 3.73 | S21: 4.06 | T21: 4.86 | U21: 4.51 | V21: 0.9
A22: 21 | B22: Martín Pérez | C22: CHW | D22: 1 | E22: 6 | F22: 0 | G22: 11 | H22: 10 | I22: 56 | J22: 7.07 | K22: 3.54 | L22: 0.96 | M22: 0.221 | N22: 0.737 | O22: 0.39 | P22: 0.08 | Q22: 89.9 | R22: 3.54 | S22: 5.36 | T22: 4.24 | U22: 4.91 | V22: 0.8
A23: 22 | B23: John Curtiss | C23: ARI | D23: 3 | E23: 2 | F23: 1 | G23: 30 | H23: 0 | I23: 36.2 | J23: 5.89 | K23: 1.23 | L23: 1.23 | M23: 0.224 | N23: 0.593 | O23: 0.291 | P23: 0.1 | Q23: 94.2 | R23: 3.93 | S23: 4.28 | T23: 4.01 | U23: 4.34 | V23: 0
A24: 23 | B24: Tyler Glasnow | C24: LAD | D24: 4 | E24: 3 | F24: 0 | G24: 18 | H24: 18 | I24: 90.1 | J24: 10.56 | K24: 4.28 | L24: 1 | M24: 0.225 | N24: 0.784 | O24: 0.444 | P24: 0.122 | Q24: 95.7 | R24: 3.19 | S24: 3.33 | T24: 3.76 | U24: 3.72 | V24: 1.6
... A45: 44 | B45: Roki Sasaki | C45: LAD | D45: 1 | E45: 1 | F45: 0 | G45: 10 | H45: 8 | I45: 36.1 | J45: 6.94 | K45: 5.45 | L45: 1.49 | M45: 0.235 | N45: 0.794 | O45: 0.389 | P45: 0.136 | Q45: 96.4 | R45: 4.46 | S45: 5.67 | T45: 5.8 | U45: 5.53 | V45: -0.1
A46: 45 | B46: Mason Fluharty | C46: TOR | D46: 5 | E46: 2 | F46: 1 | G46: 55 | H46: 0 | I46: 52.2 | J46: 9.57 | K46: 4.1 | L46: 1.03 | M46: 0.236 | N46: 0.634 | O46: 0.412 | P46: 0.107 | R46: 4.44 | S46: 3.3 | T46: 3.97 | U46: 4.13 | V46: 0.2
A47: 46 | B47: Steven Okert | C47: HOU | D47: 3 | E47: 2 | F47: 1 | G47: 68 | H47: 1 | I47: 71.2 | J47: 10.55 | K47: 2.39 | L47: 0.75 | M47: 0.236 | N47: 0.712 | O47: 0.246 | P47: 0.064 | Q47: 92 | R47: 3.01 | S47: 2.63 | T47: 2.76 | U47: 3.69 | V47: 1.6
A48: 47 | B48: Bryan Woo | C48: SEA | D48: 15 | E48: 7 | F48: 0 | G48: 30 | H48: 30 | I48: 186.2 | J48: 9.55 | K48: 1.74 | L48: 1.25 | M48: 0.238 | N48: 0.804 | O48: 0.408 | P48: 0.128 | Q48: 95.7 | R48: 2.94 | S48: 3.07 | T48: 3.47 | U48: 3.33 | V48: 3.6
A49: 48 | B49: Adrian Morejon | C49: SDP | D49: 13 | E49: 6 | F49: 3 | G49: 75 | H49: 0 | I49: 73.2 | J49: 8.55 | K49: 2.08 | L49: 0.24 | M49: 0.239 | N49: 0.68 | O49: 0.531 | P49: 0.036 | Q49: 96.6 | R49: 2.08 | S49: 2.63 | T49: 2.28 | U49: 3.08 | V49: 2.2
A50: 49 | B50: Pete Fairbanks | C50: TBR | D50: 4 | E50: 5 | F50: 27 | G50: 61 | H50: 0 | I50: 60.1 | J50: 8.8 | K50: 2.69 | L50: 1.04 | M50: 0.239 | N50: 0.775 | O50: 0.451 | P50: 0.109 | Q50: 97.3 | R50: 2.83 | S50: 3.08 | T50: 3.63 | U50: 3.76 | V50: 1
A51: 50 | B51: Ian Hamilton | C51: NYY | D51: 2 | E51: 1 | F51: 0 | G51: 36 | H51: 1 | I51: 40 | J51: 9.45 | K51: 4.95 | L51: 1.13 | M51: 0.24 | N51: 0.705 | O51: 0.378 | P51: 0.119 | Q51: 95.4 | R51: 4.28 | S51: 4.13 | T51: 4.39 | U51: 4.38 | V51: 0
A52: 51 | B52: Mason Miller | C52: 2 Tms | D52: 1 | E52: 2 | F52: 22 | G52: 60 | H52: 0 | I52: 61.2 | J52: 15.18 | K52: 4.09 | L52: 0.73 | M52: 0.24 | N52: 0.76 | O52: 0.404 | P52: 0.114 | Q52: 101.2 | R52: 2.63 | S52: 2.52 | T52: 2.23 | U52: 2.27 | V52: 2
A53: 52 | B53: Eury Pérez | C53: MIA | D53: 7 | E53: 6 | F53: 0 | G53: 20 | H53: 20 | I53: 95.1 | J53: 9.91 | K53: 3.02 | L53: 1.13 | M53: 0.24 | N53: 0.65 | O53: 0.31 | P53: 0.095 | Q53: 97.8 | R53: 4.25 | S53: 3.24 | T53: 3.67 | U53: 4.07 | V53: 1.9
A54: 53 | B54: Tim Hill | C54: NYY | D54: 4 | E54: 4 | F54: 0 | G54: 70 | H54: 0 | I54: 67 | J54: 4.97 | K54: 2.15 | L54: 1.07 | M54: 0.24 | N54: 0.748 | O54: 0.648 | P54: 0.157 | Q54: 89.9 | R54: 3.09 | S54: 3.39 | T54: 4.3 | U54: 3.92 | V54: 0
A55: 54 | B55: Noah Cameron | C55: KCR | D55: 9 | E55: 7 | F55: 0 | G55: 24 | H55: 24 | I55: 138.1 | J55: 7.42 | K55: 2.8 | L55: 1.17 | M55: 0.241 | N55: 0.84 | O55: 0.414 | P55: 0.124 | Q55: 92.4 | R55: 2.99 | S55: 4.08 | T55: 4.18 | U55: 4.1 | V55: 1.8
A56: 55 | B56: Tristan Beck | C56: SFG | D56: 1 | E56: 0 | F56: 2 | G56: 31 | H56: 1 | I56: 56.2 | J56: 6.51 | K56: 2.54 | L56: 1.11 | M56: 0.241 | N56: 0.652 | O56: 0.419 | P56: 0.103 | Q56: 94.7 | R56: 4.61 | S56: 4.44 | T56: 4.25 | U56: 4.49 | V56: 0
A57: 56 | B57: Michael Kelly | C57: ATH | D57: 4 | E57: 4 | F57: 2 | G57: 42 | H57: 0 | I57: 39.2 | J57: 6.58 | K57: 4.31 | L57: 1.13 | M57: 0.241 | N57: 0.778 | O57: 0.417 | P57: 0.1 | Q57: 95.8 | R57: 3.18 | S57: 4.84 | T57: 4.82 | U57: 5.13 | V57: -0.2
A58: 57 | B58: Robert Suarez | C58: SDP | D58: 4 | E58: 6 | F58: 40 | G58: 70 | H58: 0 | I58: 69.2 | J58: 9.69 | K58: 2.07 | L58: 0.78 | M58: 0.241 | N58: 0.724 | O58: 0.362 | P58: 0.085 | Q58: 98.6 | R58: 2.97 | S58: 3.65 | T58: 2.88 | U58: 3.33 | V58: 1.9
... A64: 63 | B64: Justin Slaten | C64: BOS | D64: 2 | E64: 4 | F64: 3 | G64: 36 | H64: 0 | I64: 34 | J64: 6.62 | K64: 2.65 | L64: 0.79 | M64: 0.242 | N64: 0.549 | O64: 0.402 | P64: 0.073 | Q64: 96.9 | R64: 4.24 | S64: 3.49 | T64: 3.69 | U64: 4.41 | V64: 0.4
A65: 64 | B65: Brad Keller | C65: CHC | D65: 4 | E65: 2 | F65: 3 | G65: 68 | H65: 1 | I65: 69.2 | J65: 9.69 | K65: 2.84 | L65: 0.52 | M65: 0.243 | N65: 0.816 | O65: 0.561 | P65: 0.078 | R65: 2.07 | S65: 2.79 | T65: 2.93 | U65: 3.32 | V65: 1.3
A66: 65 | B66: Tommy Kahnle | C66: DET | D66: 1 | E66: 5 | F66: 9 | G66: 66 | H66: 0 | I66: 63 | J66: 7.14 | K66: 4.43 | L66: 1.14 | M66: 0.243 | N66: 0.71 | O66: 0.476 | P66: 0.123 | Q66: 93.7 | R66: 4.43 | S66: 4.52 | T66: 4.72 | U66: 4.66 | V66: -0.2
A67: 66 | B67: Nathan Eovaldi | C67: TEX | D67: 11 | E67: 3 | F67: 0 | G67: 22 | H67: 22 | I67: 130 | J67: 8.93 | K67: 1.45 | L67: 0.69 | M67: 0.243 | N67: 0.865 | O67: 0.503 | P67: 0.096 | Q67: 94.4 | R67: 1.73 | S67: 3.02 | T67: 2.8 | U67: 3.03 | V67: 3.7
A68: 67 | B68: Brandon Woodruff | C68: MIL | D68: 7 | E68: 2 | F68: 0 | G68: 12 | H68: 12 | I68: 64.2 | J68: 11.55 | K68: 1.95 | L68: 1.25 | M68: 0.243 | N68: 0.729 | O68: 0.34 | P68: 0.114 | Q68: 93 | R68: 3.2 | S68: 2.2 | T68: 3.17 | U68: 3.24 | V68: 1.8
A69: 68 | B69: Yoshinobu Yamamoto | C69: LAD | D69: 12 | E69: 8 | F69: 0 | G69: 30 | H69: 30 | I69: 173.2 | J69: 10.42 | K69: 3.06 | L69: 0.73 | M69: 0.243 | N69: 0.785 | O69: 0.528 | P69: 0.108 | Q69: 95.3 | R69: 2.49 | S69: 2.72 | T69: 2.94 | U69: 3.05 | V69: 5
A70: 69 | B70: Freddy Peralta | C70: MIL | D70: 17 | E70: 6 | F70: 0 | G70: 33 | H70: 33 | I70: 176.2 | J70: 10.39 | K70: 3.36 | L70: 1.07 | M70: 0.243 | N70: 0.855 | O70: 0.373 | P70: 0.104 | Q70: 94.7 | R70: 2.7 | S70: 3.42 | T70: 3.64 | U70: 3.85 | V70: 3.6
A71: 70 | B71: Tyler Kinley | C71: 2 Tms | D71: 6 | E71: 3 | F71: 3 | G71: 73 | H71: 0 | I71: 72.2 | J71: 9.04 | K71: 4.09 | L71: 0.74 | M71: 0.244 | N71: 0.67 | O71: 0.33 | P71: 0.065 | Q71: 95.2 | R71: 3.96 | S71: 3.51 | T71: 3.69 | U71: 4.59 | V71: 0.9
A72: 71 | B72: Garrett Cleavinger | C72: TBR | D72: 2 | E72: 6 | F72: 2 | G72: 67 | H72: 0 | I72: 61.1 | J72: 12.03 | K72: 2.64 | L72: 1.32 | M72: 0.244 | N72: 0.916 | O72: 0.444 | P72: 0.188 | Q72: 97.1 | R72: 2.35 | S72: 3.22 | T72: 3.59 | U72: 2.89 | V72: 0.7
A73: 72 | B73: Steven Cruz | C73: KCR | D73: 3 | E73: 1 | F73: 0 | G73: 47 | H73: 0 | I73: 45.2 | J73: 7.49 | K73: 3.55 | L73: 0.99 | M73: 0.244 | N73: 0.729 | O73: 0.397 | P73: 0.096 | Q73: 98.4 | R73: 3.74 | S73: 3.42 | T73: 4.14 | U73: 4.47 | V73: 0.2
A74: 73 | B74: Hunter Greene | C74: CIN | D74: 7 | E74: 4 | F74: 0 | G74: 19 | H74: 19 | I74: 107.2 | J74: 11.03 | K74: 2.17 | L74: 1.25 | M74: 0.245 | N74: 0.829 | O74: 0.329 | P74: 0.119 | Q74: 99.4 | R74: 2.76 | S74: 3.03 | T74: 3.27 | U74: 3.27 | V74: 2.9
A75: 74 | B75: Shane Bieber | C75: TOR | D75: 4 | E75: 2 | F75: 0 | G75: 7 | H75: 7 | I75: 40.1 | J75: 8.26 | K75: 1.56 | L75: 1.79 | M75: 0.245 | N75: 0.844 | O75: 0.482 | P75: 0.211 | Q75: 92.7 | R75: 3.57 | S75: 4.49 | T75: 4.47 | U75: 3.35 | V75: 0.3
A76: 75 | B76: Dylan Lee | C76: ATL | D76: 2 | E76: 4 | F76: 2 | G76: 74 | H76: 0 | I76: 68.1 | J76: 10.01 | K76: 1.84 | L76: 1.71 | M76: 0.245 | N76: 0.82 | O76: 0.371 | P76: 0.173 | Q76: 94 | R76: 3.29 | S76: 2.93 | T76: 4 | U76: 3.22 | V76: 0.3
A77: 76 | B77: Kaleb Ort | C77: HOU | D77: 2 | E77: 2 | F77: 1 | G77: 49 | H77: 0 | I77: 46 | J77: 9.59 | K77: 5.28 | L77: 1.57 | M77: 0.245 | N77: 0.709 | O77: 0.405 | P77: 0.143 | Q77: 96.3 | R77: 4.89 | S77: 3.4 | T77: 5.03 | U77: 4.64 | V77: -0.3
... A96: 95 | B96: Ryne Nelson | C96: ARI | D96: 7 | E96: 3 | F96: 1 | G96: 33 | H96: 23 | I96: 154 | J96: 7.71 | K96: 2.4 | L96: 0.99 | M96: 0.252 | N96: 0.737 | O96: 0.399 | P96: 0.097 | Q96: 95.6 | R96: 3.39 | S96: 3.93 | T96: 3.73 | U96: 4.05 | V96: 2
A97: 96 | B97: Riley O'Brien | C97: STL | D97: 3 | E97: 1 | F97: 6 | G97: 42 | H97: 0 | I97: 48 | J97: 8.44 | K97: 4.13 | L97: 0.38 | M97: 0.252 | N97: 0.828 | O97: 0.541 | P97: 0.08 | R97: 2.06 | S97: 3.59 | T97: 3.61 | U97: 3.88 | V97: 0.3
A98: 97 | B98: Lake Bachar | C98: MIA | D98: 8 | E98: 2 | F98: 3 | G98: 53 | H98: 1 | I98: 71 | J98: 9.51 | K98: 3.8 | L98: 1.27 | M98: 0.253 | N98: 0.73 | O98: 0.341 | P98: 0.12 | Q98: 94.8 | R98: 3.93 | S98: 4.47 | T98: 4.25 | U98: 4.22 | V98: 0.1
A99: 98 | B99: Corbin Burnes | C99: ARI | D99: 3 | E99: 2 | F99: 0 | G99: 11 | H99: 11 | I99: 64.1 | J99: 8.81 | K99: 3.64 | L99: 0.98 | M99: 0.253 | N99: 0.806 | O99: 0.503 | P99: 0.14 | R99: 2.66 | S99: 3.86 | T99: 3.94 | U99: 3.73 | V99: 0.7
A100: 99 | B100: Cam Booser | C100: CHW | D100: 2 | E100: 4 | F100: 1 | G100: 39 | H100: 0 | I100: 31 | J100: 10.16 | K100: 5.52 | L100: 2.32 | M100: 0.253 | N100: 0.714 | O100: 0.321 | P100: 0.167 | Q100: 95.8 | R100: 5.52 | S100: 4.43 | T100: 6.26 | U100: 5.3 | V100: -0.6
A101: 100 | B101: Luke Jackson | C101: 3 Tms | D101: 2 | E101: 5 | F101: 9 | G101: 52 | H101: 0 | I101: 51 | J101: 6.71 | K101: 4.94 | L101: 0.71 | M101: 0.253 | N101: 0.633 | O101: 0.517 | P101: 0.083 | Q101: 94.2 | R101: 4.06 | S101: 4.3 | T101: 4.49 | U101: 4.92 | V101: -0.2
A102: 101 | B102: Gavin Williams | C102: CLE | D102: 12 | E102: 5 | F102: 0 | G102: 31 | H102: 31 | I102: 167.2 | J102: 9.29 | K102: 4.46 | L102: 1.23 | M102: 0.254 | N102: 0.838 | O102: 0.447 | P102: 0.144 | Q102: 96.7 | R102: 3.06 | S102: 4.29 | T102: 4.39 | U102: 4.08 | V102: 1.4
A103: 102 | B103: Jack Dreyer | C103: LAD | D103: 3 | E103: 2 | F103: 4 | G103: 67 | H103: 5 | I103: 76.1 | J103: 8.72 | K103: 2.83 | L103: 0.47 | M103: 0.254 | N103: 0.726 | O103: 0.374 | P103: 0.043 | Q103: 92.6 | R103: 2.95 | S103: 2.7 | T103: 2.82 | U103: 4 | V103: 1.7
A104: 103 | B104: Jeffrey Springs | C104: ATH | D104: 11 | E104: 11 | F104: 0 | G104: 32 | H104: 30 | I104: 171 | J104: 7.26 | K104: 2.84 | L104: 1.47 | M104: 0.255 | N104: 0.703 | O104: 0.318 | P104: 0.119 | Q104: 90.8 | R104: 4.11 | S104: 4.29 | T104: 4.65 | U104: 4.64 | V104: 1.7
A105: 104 | B105: Jordan Leasure | C105: CHW | D105: 5 | E105: 6 | F105: 7 | G105: 68 | H105: 1 | I105: 64.1 | J105: 11.33 | K105: 4.2 | L105: 1.68 | M105: 0.255 | N105: 0.791 | O105: 0.284 | P105: 0.156 | Q105: 96.4 | R105: 3.92 | S105: 3.18 | T105: 4.49 | U105: 3.91 | V105: 0.5
A106: 105 | B106: Tanner Banks | C106: PHI | D106: 6 | E106: 2 | F106: 1 | G106: 69 | H106: 1 | I106: 67.1 | J106: 8.15 | K106: 1.6 | L106: 1.2 | M106: 0.255 | N106: 0.798 | O106: 0.367 | P106: 0.117 | Q106: 92.5 | R106: 3.07 | S106: 3.79 | T106: 3.64 | U106: 3.67 | V106: 0.8
A107: 106 | B107: Richard Fitts | C107: BOS | D107: 2 | E107: 4 | F107: 0 | G107: 11 | H107: 10 | I107: 45 | J107: 8 | K107: 3.2 | L107: 2.2 | M107: 0.256 | N107: 0.751 | O107: 0.436 | P107: 0.229 | Q107: 95.9 | R107: 5 | S107: 5.61 | T107: 5.8 | U107: 4.27 | V107: -0.3
A108: 107 | B108: Luis Gil | C108: NYY | D108: 4 | E108: 1 | F108: 0 | G108: 11 | H108: 11 | I108: 57 | J108: 6.47 | K108: 5.21 | L108: 0.79 | M108: 0.256 | N108: 0.784 | O108: 0.314 | P108: 0.063 | Q108: 95.2 | R108: 3.32 | S108: 4.94 | T108: 4.63 | U108: 5.65 | V108: 0.6
A109: 108 | B109: Max Kranick | C109: NYM | D109: 3 | E109: 2 | F109: 0 | G109: 24 | H109: 0 | I109: 37 | J109: 6.08 | K109: 1.22 | L109: 1.22 | M109: 0.257 | N109: 0.75 | O109: 0.368 | P109: 0.096 | Q109: 95.8 | R109: 3.65 | S109: 4.53 | T109: 3.95 | U109: 4.36 | V109: 0.3
A110: 109 | B110: Ryan Yarbrough | C110: NYY | D110: 3 | E110: 1 | F110: 1 | G110: 19 | H110: 8 | I110: 64 | J110: 7.73 | K110: 2.67 | L110: 1.83 | M110: 0.257 | N110: 0.789 | O110: 0.39 | P110: 0.165 | Q110: 88.2 | R110: 4.36 | S110: 4.27 | T110: 5.04 | U110: 4.3 | V110: 0.1
A111: 110 | B111: Ryan Bergert | C111: 2 Tms | D111: 2 | E111: 2 | F111: 0 | G111: 19 | H111: 15 | I111: 76.1 | J111: 8.61 | K111: 4.13 | L111: 0.94 | M111: 0.257 | N111: 0.758 | O111: 0.292 | P111: 0.079 | Q111: 93.5 | R111: 3.66 | S111: 4.32 | T111: 4 | U111: 4.68 | V111: 1
... A122: 121 | B122: Spencer Schwellenbach | C122: ATL | D122: 7 | E122: 4 | F122: 0 | G122: 17 | H122: 17 | I122: 110.2 | J122: 8.78 | K122: 1.46 | L122: 1.06 | M122: 0.259 | N122: 0.716 | O122: 0.469 | P122: 0.141 | Q122: 97 | R122: 3.09 | S122: 3.56 | T122: 3.25 | U122: 3.01 | V122: 2.4
A123: 122 | B123: Tyler Rogers | C123: 2 Tms | D123: 4 | E123: 6 | F123: 0 | G123: 81 | H123: 0 | I123: 77.1 | J123: 5.59 | K123: 0.81 | L123: 0.47 | M123: 0.259 | N123: 0.789 | O123: 0.621 | P123: 0.091 | R123: 1.98 | S123: 2.67 | T123: 2.88 | U123: 3.08 | V123: 1.3
A124: 123 | B124: Edwin Díaz | C124: NYM | D124: 6 | E124: 3 | F124: 28 | G124: 62 | H124: 0 | I124: 66.1 | J124: 13.3 | K124: 2.85 | L124: 0.54 | M124: 0.26 | N124: 0.861 | O124: 0.484 | P124: 0.093 | Q124: 97.4 | R124: 1.63 | S124: 2.49 | T124: 2.28 | U124: 2.49 | V124: 2
A125: 124 | B125: Tyler Ferguson | C125: ATH | D125: 4 | E125: 2 | F125: 2 | G125: 56 | H125: 0 | I125: 58 | J125: 8.38 | K125: 5.28 | L125: 0.62 | M125: 0.26 | N125: 0.65 | O125: 0.373 | P125: 0.058 | Q125: 94.9 | R125: 4.66 | S125: 3.73 | T125: 4.14 | U125: 5.07 | V125: 0.3
A126: 125 | B126: Tyler Mahle | C126: TEX | D126: 6 | E126: 4 | F126: 0 | G126: 16 | H126: 16 | I126: 86.2 | J126: 6.85 | K126: 3.01 | L126: 0.52 | M126: 0.26 | N126: 0.846 | O126: 0.388 | P126: 0.049 | Q126: 92.3 | R126: 2.18 | S126: 4.23 | T126: 3.37 | U126: 4.43 | V126: 1.9
A127: 126 | B127: Brandon Waddell | C127: NYM | D127: 0 | E127: 0 | F127: 0 | G127: 11 | H127: 1 | I127: 31.1 | J127: 6.32 | K127: 3.16 | L127: 1.15 | M127: 0.26 | N127: 0.819 | O127: 0.374 | P127: 0.095 | Q127: 90.8 | R127: 3.45 | S127: 5.58 | T127: 4.54 | U127: 4.95 | V127: -0.1
A128: 127 | B128: Shane Smith | C128: CHW | D128: 7 | E128: 8 | F128: 0 | G128: 29 | H128: 29 | I128: 146.1 | J128: 8.92 | K128: 3.57 | L128: 1.05 | M128: 0.26 | N128: 0.717 | O128: 0.405 | P128: 0.109 | Q128: 95.8 | R128: 3.81 | S128: 3.98 | T128: 4.1 | U128: 4.23 | V128: 2.2
A129: 128 | B129: Cade Gibson | C129: MIA | D129: 4 | E129: 5 | F129: 0 | G129: 44 | H129: 1 | I129: 54.2 | J129: 7.08 | K129: 3.46 | L129: 0.49 | M129: 0.261 | N129: 0.793 | O129: 0.519 | P129: 0.071 | Q129: 91.9 | R129: 2.63 | S129: 3.82 | T129: 3.76 | U129: 4.23 | V129: 0.3
A130: 129 | B130: Randy Vásquez | C130: SDP | D130: 6 | E130: 7 | F130: 0 | G130: 28 | H130: 26 | I130: 133.2 | J130: 5.25 | K130: 3.5 | L130: 1.08 | M130: 0.261 | N130: 0.774 | O130: 0.401 | P130: 0.083 | Q130: 93.5 | R130: 3.84 | S130: 5.37 | T130: 4.85 | U130: 5.51 | V130: 0.8
A131: 130 | B131: Carson Seymour | C131: SFG | D131: 1 | E131: 3 | F131: 0 | G131: 16 | H131: 3 | I131: 36 | J131: 6.5 | K131: 3.25 | L131: 2.25 | M131: 0.262 | N131: 0.781 | O131: 0.5 | P131: 0.243 | Q131: 96.8 | R131: 4.75 | S131: 5.93 | T131: 6.11 | U131: 4.44 | V131: -0.6
A132: 131 | B132: Kevin Gausman | C132: TOR | D132: 10 | E132: 11 | F132: 0 | G132: 32 | H132: 32 | I132: 193 | J132: 8.81 | K132: 2.33 | L132: 0.98 | M132: 0.262 | N132: 0.722 | O132: 0.367 | P132: 0.095 | Q132: 94.5 | R132: 3.59 | S132: 3.73 | T132: 3.41 | U132: 3.77 | V132: 4.1
A133: 132 | B133: Hunter Brown | C133: HOU | D133: 12 | E133: 9 | F133: 0 | G133: 31 | H133: 31 | I133: 185.1 | J133: 10 | K133: 2.77 | L133: 0.83 | M133: 0.262 | N133: 0.82 | O133: 0.481 | P133: 0.114 | Q133: 96.6 | R133: 2.43 | S133: 3.15 | T133: 3.14 | U133: 3.19 | V133: 4.6
A134: 133 | B134: Nic Enright | C134: CLE | D134: 2 | E134: 1 | F134: 1 | G134: 27 | H134: 0 | I134: 31 | J134: 8.71 | K134: 3.48 | L134: 0.87 | M134: 0.263 | N134: 0.888 | O134: 0.341 | P134: 0.081 | Q134: 93.2 | R134: 2.03 | S134: 3.79 | T134: 3.81 | U134: 4.39 | V134: 0.2
A135: 134 | B135: Caden Dana | C135: LAA | D135: 0 | E135: 4 | F135: 0 | G135: 7 | H135: 5 | I135: 32.1 | J135: 9.19 | K135: 5.01 | L135: 2.51 | M135: 0.263 | N135: 0.687 | O135: 0.409 | P135: 0.265 | Q135: 95 | R135: 6.4 | S135: 4.84 | T135: 6.48 | U135: 4.48 | V135: -0.4
... A160: 159 | B160: Tony Gonsolin | C160: LAD | D160: 3 | E160: 2 | F160: 0 | G160: 7 | H160: 7 | I160: 36 | J160: 9.5 | K160: 4.5 | L160: 2.25 | M160: 0.27 | N160: 0.797 | O160: 0.406 | P160: 0.214 | Q160: 93.5 | R160: 5 | S160: 5.25 | T160: 6.02 | U160: 4.57 | V160: -0.1
A161: 160 | B161: Andrew Kittredge | C161: 2 Tms | D161: 4 | E161: 3 | F161: 5 | G161: 54 | H161: 0 | I161: 53 | J161: 10.87 | K161: 1.87 | L161: 1.19 | M161: 0.27 | N161: 0.711 | O161: 0.492 | P161: 0.159 | R161: 3.4 | S161: 2.78 | T161: 3.06 | U161: 2.62 | V161: 0.8
A162: 161 | B162: Zac Gallen | C162: ARI | D162: 13 | E162: 15 | F162: 0 | G162: 33 | H162: 33 | I162: 192 | J162: 8.2 | K162: 3.09 | L162: 1.45 | M162: 0.27 | N162: 0.676 | O162: 0.436 | P162: 0.146 | Q162: 93.5 | R162: 4.83 | S162: 4.28 | T162: 4.5 | U162: 4.12 | V162: 1.1
A163: 162 | B163: Javier Assad | C163: CHC | D163: 4 | E163: 1 | F163: 0 | G163: 8 | H163: 7 | I163: 37 | J163: 5.59 | K163: 2.92 | L163: 0.73 | M163: 0.27 | N163: 0.759 | O163: 0.474 | P163: 0.083 | Q163: 91.9 | R163: 3.65 | S163: 4.86 | T163: 4.24 | U163: 4.69 | V163: 0.3
A164: 163 | B164: Kodai Senga | C164: NYM | D164: 7 | E164: 6 | F164: 0 | G164: 22 | H164: 22 | I164: 113.1 | J164: 8.66 | K164: 4.37 | L164: 0.95 | M164: 0.271 | N164: 0.799 | O164: 0.466 | P164: 0.102 | Q164: 94.8 | R164: 3.02 | S164: 3.96 | T164: 4.12 | U164: 4.35 | V164: 1.4
A165: 164 | B165: Ronny Henriquez | C165: MIA | D165: 7 | E165: 1 | F165: 7 | G165: 69 | H165: 0 | I165: 73 | J165: 12.08 | K165: 3.33 | L165: 0.99 | M165: 0.271 | N165: 0.838 | O165: 0.398 | P165: 0.101 | Q165: 96.7 | R165: 2.22 | S165: 2.96 | T165: 3.15 | U165: 3.39 | V165: 1.3
A166: 165 | B166: Gabe Speier | C166: SEA | D166: 4 | E166: 3 | F166: 0 | G166: 76 | H166: 0 | I166: 62 | J166: 11.9 | K166: 1.6 | L166: 0.73 | M166: 0.271 | N166: 0.769 | O166: 0.406 | P166: 0.079 | Q166: 95.1 | R166: 2.61 | S166: 2.49 | T166: 2.31 | U166: 2.83 | V166: 1.7
A167: 166 | B167: Kyle Finnegan | C167: 2 Tms | D167: 4 | E167: 4 | F167: 24 | G167: 56 | H167: 0 | I167: 57 | J167: 8.68 | K167: 2.84 | L167: 0.63 | M167: 0.272 | N167: 0.685 | O167: 0.49 | P167: 0.078 | Q167: 96.4 | R167: 3.47 | S167: 3.15 | T167: 3.12 | U167: 3.58 | V167: 1.2
A168: 167 | B168: John Schreiber | C168: KCR | D168: 3 | E168: 3 | F168: 1 | G168: 74 | H168: 0 | I168: 64 | J168: 8.72 | K168: 2.67 | L168: 1.41 | M168: 0.272 | N168: 0.762 | O168: 0.39 | P168: 0.13 | Q168: 94 | R168: 3.8 | S168: 4.02 | T168: 4.17 | U168: 3.99 | V168: 0.3
A169: 168 | B169: Ryan Borucki | C169: 2 Tms | D169: 1 | E169: 3 | F169: 0 | G169: 39 | H169: 0 | I169: 35 | J169: 8.23 | K169: 4.11 | L169: 1.03 | M169: 0.272 | N169: 0.644 | O169: 0.544 | P169: 0.16 | R169: 4.63 | S169: 4.93 | T169: 4.25 | U169: 3.86 | V169: 0
A170: 169 | B170: Elvis Alvarado | C170: ATH | D170: 1 | E170: 1 | F170: 0 | G170: 37 | H170: 0 | I170: 42.1 | J170: 10.63 | K170: 4.68 | L170: 1.28 | M170: 0.272 | N170: 0.827 | O170: 0.385 | P170: 0.136 | Q170: 98.7 | R170: 3.19 | S170: 3.82 | T170: 4.32 | U170: 4.08 | V170: 0.1
A171: 170 | B171: Jacob Latz | C171: TEX | D171: 2 | E171: 0 | F171: 1 | G171: 33 | H171: 8 | I171: 85.2 | J171: 7.98 | K171: 3.89 | L171: 0.74 | M171: 0.272 | N171: 0.811 | O171: 0.379 | P171: 0.074 | Q171: 94.3 | R171: 2.84 | S171: 4.11 | T171: 3.72 | U171: 4.37 | V171: 1.3
A172: 171 | B172: David Morgan | C172: SDP | D172: 1 | E172: 2 | F172: 0 | G172: 41 | H172: 2 | I172: 47.1 | J172: 9.51 | K172: 4.37 | L172: 0.76 | M172: 0.272 | N172: 0.846 | O172: 0.449 | P172: 0.098 | Q172: 97.8 | R172: 2.66 | S172: 3.74 | T172: 3.71 | U172: 3.94 | V172: 0.3
A173: 172 | B173: Max Lazar | C173: PHI | D173: 1 | E173: 1 | F173: 1 | G173: 36 | H173: 0 | I173: 41.1 | J173: 5.66 | K173: 2.61 | L173: 1.52 | M173: 0.272 | N173: 0.694 | O173: 0.369 | P173: 0.143 | Q173: 94.3 | R173: 4.79 | S173: 6 | T173: 4.95 | U173: 4.58 | V173: -0.2
A174: 173 | B174: Steven Wilson | C174: CHW | D174: 2 | E174: 2 | F174: 2 | G174: 59 | H174: 0 | I174: 55.1 | J174: 8.3 | K174: 3.58 | L174: 1.14 | M174: 0.272 | N174: 0.828 | O174: 0.273 | P174: 0.079 | Q174: 94 | R174: 3.42 | S174: 3.77 | T174: 4.29 | U174: 5.13 | V174: 0.4
A175: 174 | B175: Drew Pomeranz | C175: CHC | D175: 2 | E175: 2 | F175: 1 | G175: 57 | H175: 4 | I175: 49.2 | J175: 10.33 | K175: 2.72 | L175: 0.91 | M175: 0.273 | N175: 0.863 | O175: 0.384 | P175: 0.094 | Q175: 92.6 | R175: 2.17 | S175: 3.48 | T175: 3.36 | U175: 3.69 | V175: 0.7
A176: 175 | B176: Lucas Giolito | C176: BOS | D176: 10 | E176: 4 | F176: 0 | G176: 26 | H176: 26 | I176: 145 | J176: 7.51 | K176: 3.48 | L176: 1.06 | M176: 0.273 | N176: 0.767 | O176: 0.378 | P176: 0.093 | Q176: 93.3 | R176: 3.41 | S176: 5.01 | T176: 4.17 | U176: 4.59 | V176: 2
A177: 176 | B177: Bennett Sousa | C177: HOU | D177: 5 | E177: 1 | F177: 4 | G177: 44 | H177: 0 | I177: 50.2 | J177: 10.48 | K177: 2.66 | L177: 0.71 | M177: 0.273 | N177: 0.733 | O177: 0.387 | P177: 0.075 | Q177: 95 | R177: 2.84 | S177: 2.88 | T177: 2.72 | U177: 3.31 | V177: 1.1
...

Sheet BABIP_3yr
A1: # | B1: Name | C1: Team | D1: W | E1: L | F1: SV | G1: G | H1: GS | I1: IP | J1: K/9 | K1: BB/9 | L1: HR/9 | M1: BABIP | N1: LOB% | O1: GB% | P1: HR/FB | Q1: vFA (pi) | R1: ERA | S1: xERA | T1: FIP | U1: xFIP | V1: WAR
A2: 1 | B2: Tyson Miller | C2: 5 Tms | D2: 6 | E2: 1 | F2: 1 | G2: 68 | H2: 0 | I2: 77.1 | J2: 7.45 | K2: 1.98 | L2: 1.05 | M2: 0.212 | N2: 0.785 | O2: 0.281 | P2: 0.087 | R2: 2.79 | S2: 4.03 | T2: 3.93 | U2: 4.48 | V2: 0.5
A3: 2 | B3: Bryan Hudson | C3: 3 Tms | D3: 6 | E3: 2 | F3: 0 | G3: 65 | H3: 0 | I3: 86 | J3: 9.21 | K3: 3.56 | L3: 1.05 | M3: 0.212 | N3: 0.815 | O3: 0.436 | P3: 0.12 | Q3: 91.3 | R3: 2.83 | S3: 3.54 | T3: 4.03 | U3: 4 | V3: 0.6
A4: 3 | B4: Tyler Holton | C4: DET | D4: 16 | E4: 9 | F4: 9 | G4: 195 | H4: 16 | I4: 258.1 | J4: 7.49 | K4: 1.81 | L4: 1.08 | M4: 0.214 | N4: 0.809 | O4: 0.466 | P4: 0.127 | Q4: 91.8 | R4: 2.61 | S4: 3.3 | T4: 3.74 | U4: 3.67 | V4: 2.3
A5: 4 | B5: Shelby Miller | C5: 4 Tms | D5: 13 | E5: 11 | F5: 13 | G5: 135 | H5: 1 | I5: 143.2 | J5: 9.08 | K5: 2.94 | L5: 1.06 | M5: 0.215 | N5: 0.747 | O5: 0.374 | P5: 0.102 | Q5: 94.1 | R5: 3.13 | S5: 3.55 | T5: 3.91 | U5: 4.18 | V5: 1
A6: 5 | B6: Tyler Wells | C6: BAL | D6: 9 | E6: 9 | F6: 1 | G6: 32 | H6: 27 | I6: 155.2 | J6: 8.56 | K6: 2.25 | L6: 1.85 | M6: 0.217 | N6: 0.8 | O6: 0.331 | P6: 0.14 | Q6: 92.7 | R6: 3.76 | S6: 4.19 | T6: 4.83 | U6: 4.53 | V6: 1.2
A7: 6 | B7: Kirby Yates | C7: 3 Tms | D7: 18 | E7: 7 | F7: 41 | G7: 172 | H7: 0 | I7: 163.1 | J7: 11.96 | K7: 4.52 | L7: 1.16 | M7: 0.22 | N7: 0.817 | O7: 0.375 | P7: 0.128 | Q7: 93.3 | R7: 2.98 | S7: 3.32 | T7: 3.86 | U7: 3.77 | V7: 1.7
A8: 7 | B8: Nick Sandlin | C8: 2 Tms | D8: 13 | E8: 7 | F8: 2 | G8: 148 | H8: 1 | I8: 134 | J8: 10.07 | K8: 3.96 | L8: 1.75 | M8: 0.223 | N8: 0.784 | O8: 0.39 | P8: 0.173 | Q8: 92.4 | R8: 3.56 | S8: 4.25 | T8: 5.03 | U8: 4.27 | V8: -0.9
A9: 8 | B9: Brandon Woodruff | C9: MIL | D9: 12 | E9: 3 | F9: 0 | G9: 23 | H9: 23 | I9: 131.2 | J9: 10.73 | K9: 1.98 | L9: 1.23 | M9: 0.223 | N9: 0.812 | O9: 0.352 | P9: 0.119 | Q9: 94.7 | R9: 2.73 | S9: 2.5 | T9: 3.39 | U9: 3.44 | V9: 3.2
A10: 9 | B10: Hunter Strickland | C10: LAA | D10: 4 | E10: 4 | F10: 2 | G10: 91 | H10: 0 | I10: 95.1 | J10: 6.7 | K10: 3.21 | L10: 1.13 | M10: 0.229 | N10: 0.748 | O10: 0.349 | P10: 0.088 | Q10: 94.3 | R10: 3.3 | S10: 3.58 | T10: 4.44 | U10: 4.98 | V10: 0.3
A11: 10 | B11: Josh Hader | C11: 2 Tms | D11: 16 | E11: 13 | F11: 95 | G11: 180 | H11: 0 | I11: 180 | J11: 13.3 | K11: 3.55 | L11: 1.15 | M11: 0.232 | N11: 0.813 | O11: 0.292 | P11: 0.119 | R11: 2.5 | S11: 2.38 | T11: 3.17 | U11: 3.19 | V11: 3.8
A12: 11 | B12: Robert Suarez | C12: SDP | D12: 17 | E12: 12 | F12: 76 | G12: 161 | H12: 0 | I12: 162.1 | J12: 8.76 | K12: 2.33 | L12: 0.94 | M12: 0.233 | N12: 0.745 | O12: 0.407 | P12: 0.102 | Q12: 98.8 | R12: 3.1 | S12: 3.31 | T12: 3.4 | U12: 3.62 | V12: 2.8
A13: 12 | B13: Bowden Francis | C13: TOR | D13: 11 | E13: 13 | F13: 1 | G13: 61 | H13: 27 | I13: 204 | J13: 7.99 | K13: 2.51 | L13: 1.81 | M13: 0.234 | N13: 0.797 | O13: 0.343 | P13: 0.151 | Q13: 93.1 | R13: 3.88 | S13: 4.24 | T13: 5.05 | U13: 4.5 | V13: 0.4
A14: 13 | B14: JT Chargois | C14: 2 Tms | D14: 4 | E14: 1 | F14: 1 | G14: 82 | H14: 5 | I14: 78.2 | J14: 7.44 | K14: 3.55 | L14: 1.03 | M14: 0.235 | N14: 0.831 | O14: 0.464 | P14: 0.113 | Q14: 95.2 | R14: 2.97 | S14: 3.9 | T14: 4.31 | U14: 4.42 | V14: 0.2
A15: 14 | B15: Jacob Webb | C15: 3 Tms | D15: 8 | E15: 10 | F15: 4 | G15: 169 | H15: 0 | I15: 176.1 | J15: 8.83 | K15: 3.88 | L15: 1.02 | M15: 0.235 | N15: 0.776 | O15: 0.341 | P15: 0.092 | Q15: 94 | R15: 3.22 | S15: 3.49 | T15: 4.11 | U15: 4.56 | V15: 1
A16: 15 | B16: Ronel Blanco | C16: HOU | D16: 18 | E16: 11 | F16: 0 | G16: 56 | H16: 45 | I16: 267.2 | J16: 8.94 | K16: 3.9 | L16: 1.38 | M16: 0.236 | N16: 0.811 | O16: 0.377 | P16: 0.131 | Q16: 93.7 | R16: 3.36 | S16: 4.02 | T16: 4.53 | U16: 4.35 | V16: 2.4
A17: 16 | B17: Alex Faedo | C17: DET | D17: 7 | E17: 8 | F17: 0 | G17: 52 | H17: 18 | I17: 122 | J17: 8.34 | K17: 3.54 | L17: 1.55 | M17: 0.236 | N17: 0.753 | O17: 0.375 | P17: 0.147 | Q17: 93.4 | R17: 4.06 | S17: 4.11 | T17: 4.88 | U17: 4.51 | V17: 0.1
A18: 17 | B18: Tommy Kahnle | C18: 2 Tms | D18: 2 | E18: 10 | F18: 12 | G18: 158 | H18: 0 | I18: 146.1 | J18: 8.86 | K18: 4.24 | L18: 1.11 | M18: 0.237 | N18: 0.762 | O18: 0.51 | P18: 0.138 | Q18: 94.3 | R18: 3.26 | S18: 3.67 | T18: 4.31 | U18: 4.1 | V18: 0.1
A19: 18 | B19: Noah Cameron | C19: KCR | D19: 9 | E19: 7 | F19: 0 | G19: 24 | H19: 24 | I19: 138.1 | J19: 7.42 | K19: 2.8 | L19: 1.17 | M19: 0.241 | N19: 0.84 | O19: 0.414 | P19: 0.124 | Q19: 92.4 | R19: 2.99 | S19: 4.08 | T19: 4.18 | U19: 4.1 | V19: 1.8
A20: 19 | B20: Jason Adam | C20: 2 Tms | D20: 19 | E20: 8 | F20: 16 | G20: 195 | H20: 0 | I20: 193.1 | J20: 10.24 | K20: 3.17 | L20: 0.74 | M20: 0.241 | N20: 0.806 | O20: 0.423 | P20: 0.085 | Q20: 95.1 | R20: 2.23 | S20: 3.34 | T20: 3.32 | U20: 3.76 | V20: 3
A21: 20 | B21: Jake Diekman | C21: 3 Tms | D21: 2 | E21: 5 | F21: 4 | G21: 106 | H21: 0 | I21: 88.2 | J21: 10.56 | K21: 6.29 | L21: 1.02 | M21: 0.242 | N21: 0.655 | O21: 0.46 | P21: 0.135 | Q21: 95.3 | R21: 4.16 | S21: 3.97 | T21: 4.61 | U21: 4.49 | V21: -0.4
A22: 21 | B22: Wade Miley | C22: 2 Tms | D22: 10 | E22: 5 | F22: 0 | G22: 28 | H22: 27 | I22: 139.1 | J22: 5.68 | K22: 3.1 | L22: 1.29 | M22: 0.242 | N22: 0.793 | O22: 0.458 | P22: 0.127 | Q22: 90.6 | R22: 3.62 | S22: 4.71 | T22: 4.98 | U22: 4.98 | V22: 0.8
A23: 22 | B23: Jacob deGrom | C23: TEX | D23: 14 | E23: 8 | F23: 0 | G23: 39 | H23: 39 | I23: 213.2 | J23: 10.28 | K23: 1.77 | L23: 1.22 | M23: 0.242 | N23: 0.813 | O23: 0.378 | P23: 0.126 | Q23: 97.8 | R23: 2.86 | S23: 3.06 | T23: 3.28 | U23: 3.19 | V23: 5.2
... A34: 33 | B34: Bryan Woo | C34: SEA | D34: 28 | E34: 15 | F34: 0 | G34: 70 | H34: 70 | I34: 395.2 | J34: 8.92 | K34: 1.82 | L34: 1.21 | M34: 0.246 | N34: 0.772 | O34: 0.406 | P34: 0.118 | Q34: 95.4 | R34: 3.21 | S34: 3.07 | T34: 3.64 | U34: 3.67 | V34: 6.7
A35: 34 | B35: Porter Hodge | C35: CHC | D35: 5 | E35: 3 | F35: 11 | G35: 75 | H35: 0 | I35: 76 | J35: 10.89 | K35: 4.38 | L35: 1.3 | M35: 0.247 | N35: 0.754 | O35: 0.398 | P35: 0.153 | R35: 3.79 | S35: 3.34 | T35: 4.11 | U35: 3.68 | V35: 0.3
A36: 35 | B36: Eduard Bazardo | C36: 2 Tms | D36: 7 | E36: 0 | F36: 0 | G36: 108 | H36: 0 | I36: 122.1 | J36: 9.56 | K36: 2.94 | L36: 0.96 | M36: 0.248 | N36: 0.751 | O36: 0.416 | P36: 0.104 | Q36: 94.8 | R36: 3.31 | S36: 3.12 | T36: 3.44 | U36: 3.65 | V36: 0.9
A37: 36 | B37: Lucas Sims | C37: 3 Tms | D37: 9 | E37: 9 | F37: 4 | G37: 143 | H37: 0 | I37: 122.2 | J37: 9.83 | K37: 6.09 | L37: 1.1 | M37: 0.248 | N37: 0.734 | O37: 0.274 | P37: 0.09 | Q37: 94.5 | R37: 4.7 | S37: 4.41 | T37: 5.11 | U37: 5.67 | V37: 0
A38: 37 | B38: Dennis Santana | C38: 3 Tms | D38: 8 | E38: 6 | F38: 19 | G38: 141 | H38: 0 | I38: 152.2 | J38: 8.31 | K38: 2.65 | L38: 0.65 | M38: 0.249 | N38: 0.713 | O38: 0.365 | P38: 0.061 | Q38: 95.2 | R38: 3.24 | S38: 3.57 | T38: 3.29 | U38: 4.18 | V38: 2.2
A39: 38 | B39: Kenley Jansen | C39: 2 Tms | D39: 12 | E39: 12 | F39: 85 | G39: 167 | H39: 0 | I39: 158.1 | J39: 9.72 | K39: 3.18 | L39: 0.97 | M39: 0.25 | N39: 0.767 | O39: 0.27 | P39: 0.075 | R39: 3.13 | S39: 3.43 | T39: 3.55 | U39: 4.41 | V39: 3.1
A40: 39 | B40: Hunter Gaddis | C40: CLE | D40: 10 | E40: 6 | F40: 3 | G40: 162 | H40: 7 | I40: 183.1 | J40: 8 | K40: 2.41 | L40: 0.88 | M40: 0.251 | N40: 0.795 | O40: 0.346 | P40: 0.074 | Q40: 94.8 | R40: 2.8 | S40: 3.33 | T40: 3.62 | U40: 4.42 | V40: 2.6
A41: 40 | B41: Eury Pérez | C41: MIA | D41: 12 | E41: 12 | F41: 0 | G41: 39 | H41: 39 | I41: 186.2 | J41: 10.27 | K41: 3.04 | L41: 1.3 | M41: 0.251 | N41: 0.74 | O41: 0.283 | P41: 0.108 | Q41: 97.7 | R41: 3.71 | S41: 3.42 | T41: 3.88 | U41: 4.15 | V41: 3.4
A42: 41 | B42: Ryan Pepiot | C42: 2 Tms | D42: 21 | E42: 21 | F42: 0 | G42: 65 | H42: 60 | I42: 339.2 | J42: 9.19 | K42: 3.02 | L42: 1.32 | M42: 0.251 | N42: 0.768 | O42: 0.369 | P42: 0.127 | Q42: 95 | R42: 3.55 | S42: 3.73 | T42: 4.18 | U42: 4.05 | V42: 4.4
A43: 42 | B43: Alexis Díaz | C43: 3 Tms | D43: 12 | E43: 11 | F43: 65 | G43: 149 | H43: 0 | I43: 141.1 | J43: 10.06 | K43: 5.03 | L43: 1.02 | M43: 0.251 | N43: 0.689 | O43: 0.342 | P43: 0.104 | Q43: 94.3 | R43: 4.08 | S43: 3.87 | T43: 4.56 | U43: 4.8 | V43: 1.3
A44: 43 | B44: Bryce Jarvis | C44: ARI | D44: 3 | E44: 3 | F44: 1 | G44: 67 | H44: 1 | I44: 105 | J44: 6.09 | K44: 4.46 | L44: 1.03 | M44: 0.251 | N44: 0.76 | O44: 0.412 | P44: 0.096 | Q44: 95.3 | R44: 3.69 | S44: 5.09 | T44: 4.97 | U44: 5.33 | V44: -0.7
A45: 44 | B45: Hayden Wesneski | C45: 2 Tms | D45: 7 | E45: 14 | F45: 0 | G45: 68 | H45: 24 | I45: 189 | J45: 8.52 | K45: 2.81 | L45: 1.86 | M45: 0.251 | N45: 0.727 | O45: 0.415 | P45: 0.185 | Q45: 94.5 | R45: 4.33 | S45: 4.66 | T45: 5.02 | U45: 4.11 | V45: 0
A46: 45 | B46: Chris Devenski | C46: 3 Tms | D46: 8 | E46: 5 | F46: 0 | G46: 70 | H46: 1 | I46: 85.2 | J46: 8.4 | K46: 3.15 | L46: 1.68 | M46: 0.251 | N46: 0.638 | O46: 0.355 | P46: 0.14 | Q46: 93.5 | R46: 4.73 | S46: 4.78 | T46: 4.92 | U46: 4.59 | V46: 0
A47: 46 | B47: Landon Knack | C47: LAD | D47: 6 | E47: 7 | F47: 2 | G47: 25 | H47: 19 | I47: 111.1 | J47: 8.97 | K47: 2.99 | L47: 1.94 | M47: 0.252 | N47: 0.818 | O47: 0.311 | P47: 0.158 | Q47: 93.4 | R47: 4.12 | S47: 4.59 | T47: 5.09 | U47: 4.37 | V47: 0.4
A48: 47 | B48: Devin Williams | C48: 2 Tms | D48: 13 | E48: 9 | F48: 68 | G48: 150 | H48: 0 | I48: 142.1 | J48: 13.59 | K48: 4.05 | L48: 0.63 | M48: 0.252 | N48: 0.717 | O48: 0.457 | P48: 0.097 | Q48: 94.2 | R48: 2.91 | S48: 2.75 | T48: 2.58 | U48: 2.81 | V48: 4
A49: 48 | B49: Jordan Lyles | C49: KCR | D49: 6 | E49: 17 | F49: 0 | G49: 36 | H49: 31 | I49: 182.2 | J49: 6.06 | K49: 2.32 | L49: 1.92 | M49: 0.252 | N49: 0.573 | O49: 0.337 | P49: 0.137 | Q49: 91.4 | R49: 6.11 | S49: 4.89 | T49: 5.55 | U49: 5.35 | V49: 0.2
A50: 49 | B50: Buck Farmer | C50: CIN | D50: 7 | E50: 7 | F50: 4 | G50: 132 | H50: 1 | I50: 146 | J50: 8.63 | K50: 3.58 | L50: 1.11 | M50: 0.252 | N50: 0.773 | O50: 0.345 | P50: 0.1 | Q50: 93.7 | R50: 3.64 | S50: 4.09 | T50: 4.31 | U50: 4.67 | V50: 1.1
A51: 50 | B51: Domingo Germán | C51: 2 Tms | D51: 5 | E51: 8 | F51: 0 | G51: 27 | H51: 21 | I51: 129.1 | J51: 9.19 | K51: 3.27 | L51: 1.67 | M51: 0.252 | N51: 0.641 | O51: 0.383 | P51: 0.163 | Q51: 92 | R51: 5.08 | S51: 4.51 | T51: 4.89 | U51: 4.32 | V51: 0.7
... A69: 68 | B69: Kutter Crawford | C69: BOS | D69: 15 | E69: 24 | F69: 0 | G69: 64 | H69: 56 | I69: 313 | J69: 8.91 | K69: 2.5 | L69: 1.47 | M69: 0.256 | N69: 0.71 | O69: 0.338 | P69: 0.119 | Q69: 93.2 | R69: 4.23 | S69: 3.61 | T69: 4.31 | U69: 4.34 | V69: 4.3
A70: 69 | B70: Ryan Borucki | C70: 2 Tms | D70: 5 | E70: 3 | F70: 0 | G70: 91 | H70: 2 | I70: 86.1 | J70: 8.13 | K70: 2.5 | L70: 1.04 | M70: 0.257 | N70: 0.682 | O70: 0.502 | P70: 0.133 | R70: 3.96 | S70: 4.41 | T70: 3.94 | U70: 3.82 | V70: 0.6
A71: 70 | B71: Corbin Burnes | C71: 3 Tms | D71: 28 | E71: 19 | F71: 0 | G71: 75 | H71: 75 | I71: 452.1 | J71: 8.83 | K71: 2.79 | L71: 1.01 | M71: 0.257 | N71: 0.76 | O71: 0.468 | P71: 0.124 | Q71: 95.5 | R71: 3.08 | S71: 3.42 | T71: 3.72 | U71: 3.68 | V71: 8
A72: 71 | B72: Ryan Yarbrough | C72: 4 Tms | D72: 16 | E72: 10 | F72: 4 | G72: 88 | H72: 17 | I72: 252.1 | J72: 6.67 | K72: 2.32 | L72: 1.32 | M72: 0.257 | N72: 0.768 | O72: 0.397 | P72: 0.122 | Q72: 87.2 | R72: 3.96 | S72: 4.31 | T72: 4.65 | U72: 4.64 | V72: 1
A73: 72 | B73: Ryan Bergert | C73: 2 Tms | D73: 2 | E73: 2 | F73: 0 | G73: 19 | H73: 15 | I73: 76.1 | J73: 8.61 | K73: 4.13 | L73: 0.94 | M73: 0.257 | N73: 0.758 | O73: 0.292 | P73: 0.079 | Q73: 93.5 | R73: 3.66 | S73: 4.32 | T73: 4 | U73: 4.68 | V73: 1
A74: 73 | B74: Ryan Zeferjahn | C74: LAA | D74: 6 | E74: 5 | F74: 2 | G74: 74 | H74: 1 | I74: 74 | J74: 11.07 | K74: 4.99 | L74: 1.46 | M74: 0.257 | N74: 0.789 | O74: 0.369 | P74: 0.148 | Q74: 97.5 | R74: 4.14 | S74: 3.65 | T74: 4.7 | U74: 4.27 | V74: -0.2
A75: 74 | B75: Cade Horton | C75: CHC | D75: 11 | E75: 4 | F75: 0 | G75: 23 | H75: 22 | I75: 118 | J75: 7.4 | K75: 2.52 | L75: 0.76 | M75: 0.258 | N75: 0.783 | O75: 0.423 | P75: 0.073 | Q75: 95.5 | R75: 2.67 | S75: 3.88 | T75: 3.58 | U75: 4.27 | V75: 2.2
A76: 75 | B76: Tony Santillan | C76: CIN | D76: 5 | E76: 8 | F76: 7 | G76: 112 | H76: 1 | I76: 107 | J76: 10.26 | K76: 3.62 | L76: 0.93 | M76: 0.258 | N76: 0.823 | O76: 0.348 | P76: 0.102 | Q76: 96.5 | R76: 2.61 | S76: 3.91 | T76: 3.55 | U76: 3.76 | V76: 1.7
A77: 76 | B77: Nick Pivetta | C77: 2 Tms | D77: 29 | E77: 26 | F77: 1 | G77: 96 | H77: 73 | I77: 470 | J77: 10.44 | K77: 2.6 | L77: 1.4 | M77: 0.258 | N77: 0.757 | O77: 0.344 | P77: 0.131 | Q77: 94.2 | R77: 3.62 | S77: 3.81 | T77: 3.81 | U77: 3.65 | V77: 7.5
A78: 77 | B78: Alex Vesia | C78: LAD | D78: 11 | E78: 11 | F78: 11 | G78: 191 | H78: 1 | I78: 175.2 | J78: 11.83 | K78: 3.69 | L78: 1.18 | M78: 0.258 | N78: 0.795 | O78: 0.266 | P78: 0.102 | Q78: 93.5 | R78: 2.92 | S78: 3.1 | T78: 3.62 | U78: 3.92 | V78: 2.8
A79: 78 | B79: Evan Phillips | C79: LAD | D79: 7 | E79: 5 | F79: 43 | G79: 130 | H79: 0 | I79: 121.2 | J79: 9.99 | K79: 2.37 | L79: 0.89 | M79: 0.259 | N79: 0.705 | O79: 0.423 | P79: 0.103 | Q79: 96.3 | R79: 2.66 | S79: 3.14 | T79: 3.16 | U79: 3.38 | V79: 2.4
A80: 79 | B80: Logan Gilbert | C80: SEA | D80: 28 | E80: 25 | F80: 0 | G80: 90 | H80: 90 | I80: 530.1 | J80: 9.88 | K80: 1.76 | L80: 1.27 | M80: 0.259 | N80: 0.739 | O80: 0.423 | P80: 0.135 | Q80: 96 | R80: 3.46 | S80: 3.27 | T80: 3.5 | U80: 3.31 | V80: 9.6
A81: 80 | B81: Triston McKenzie | C81: CLE | D81: 3 | E81: 8 | F81: 0 | G81: 24 | H81: 20 | I81: 97.1 | J81: 8.69 | K81: 6.38 | L81: 1.94 | M81: 0.26 | N81: 0.747 | O81: 0.339 | P81: 0.148 | Q81: 91.7 | R81: 5.46 | S81: 5.64 | T81: 6.21 | U81: 5.65 | V81: -0.9
A82: 81 | B82: Matt Strahm | C82: PHI | D82: 17 | E82: 10 | F82: 11 | G82: 188 | H82: 10 | I82: 212.2 | J82: 10.88 | K82: 2.2 | L82: 0.85 | M82: 0.26 | N82: 0.774 | O82: 0.29 | P82: 0.076 | Q82: 93.3 | R82: 2.71 | S82: 2.85 | T82: 2.89 | U82: 3.62 | V82: 5.6
... A103: 102 | B103: Caleb Thielbar | C103: 2 Tms | D103: 8 | E103: 9 | F103: 4 | G103: 162 | H103: 0 | I103: 136 | J103: 9.6 | K103: 2.85 | L103: 1.19 | M103: 0.266 | N103: 0.714 | O103: 0.387 | P103: 0.113 | Q103: 93.1 | R103: 3.71 | S103: 3.28 | T103: 3.71 | U103: 3.82 | V103: 1.4
A104: 103 | B104: Phil Maton | C104: 5 Tms | D104: 11 | E104: 11 | F104: 9 | G104: 202 | H104: 0 | I104: 191.1 | J104: 10.11 | K104: 3.39 | L104: 0.75 | M104: 0.266 | N104: 0.753 | O104: 0.448 | P104: 0.094 | R104: 3.15 | S104: 3.39 | T104: 3.55 | U104: 3.87 | V104: 2.3
A105: 104 | B105: Erik Swanson | C105: TOR | D105: 7 | E105: 4 | F105: 4 | G105: 120 | H105: 0 | I105: 111.1 | J105: 9.3 | K105: 3.23 | L105: 1.7 | M105: 0.266 | N105: 0.783 | O105: 0.395 | P105: 0.163 | Q105: 93.7 | R105: 4.28 | S105: 3.97 | T105: 4.74 | U105: 4.13 | V105: 0
A106: 105 | B106: Ryan Brasier | C106: 3 Tms | D106: 4 | E106: 1 | F106: 2 | G106: 116 | H106: 5 | I106: 113.2 | J106: 8 | K106: 2.3 | L106: 0.63 | M106: 0.266 | N106: 0.662 | O106: 0.428 | P106: 0.071 | Q106: 95.2 | R106: 3.48 | S106: 3.8 | T106: 3.19 | U106: 3.84 | V106: 1.8
A107: 106 | B107: Jameson Taillon | C107: CHC | D107: 31 | E107: 25 | F107: 1 | G107: 81 | H107: 80 | I107: 449.1 | J107: 7.27 | K107: 2.02 | L107: 1.44 | M107: 0.266 | N107: 0.727 | O107: 0.375 | P107: 0.123 | Q107: 92.9 | R107: 3.93 | S107: 4.21 | T107: 4.37 | U107: 4.32 | V107: 5
A108: 107 | B108: Drew Rasmussen | C108: TBR | D108: 14 | E108: 9 | F108: 1 | G108: 55 | H108: 43 | I108: 223.1 | J108: 8.42 | K108: 2.18 | L108: 0.81 | M108: 0.267 | N108: 0.799 | O108: 0.504 | P108: 0.103 | Q108: 96.1 | R108: 2.74 | S108: 3.14 | T108: 3.26 | U108: 3.45 | V108: 5
A109: 108 | B109: Robbie Ray | C109: 2 Tms | D109: 14 | E109: 11 | F109: 0 | G109: 40 | H109: 40 | I109: 216.1 | J109: 9.65 | K109: 3.87 | L109: 1.16 | M109: 0.267 | N109: 0.734 | O109: 0.352 | P109: 0.106 | Q109: 93.7 | R109: 3.87 | S109: 3.74 | T109: 4.11 | U109: 4.31 | V109: 2.2
A110: 109 | B110: Jacob Latz | C110: TEX | D110: 4 | E110: 3 | F110: 1 | G110: 82 | H110: 8 | I110: 135.2 | J110: 8.03 | K110: 4.44 | L110: 0.86 | M110: 0.267 | N110: 0.812 | O110: 0.372 | P110: 0.082 | Q110: 94.6 | R110: 2.99 | S110: 4.27 | T110: 4.12 | U110: 4.67 | V110: 1
A111: 110 | B111: Valente Bellozo | C111: MIA | D111: 4 | E111: 8 | F111: 0 | G111: 45 | H111: 19 | I111: 150 | J111: 5.88 | K111: 2.64 | L111: 1.8 | M111: 0.267 | N111: 0.796 | O111: 0.31 | P111: 0.12 | Q111: 90 | R111: 4.2 | S111: 5.12 | T111: 5.44 | U111: 5.4 | V111: -0.3
A112: 111 | B112: Bryce Miller | C112: SEA | D112: 24 | E112: 21 | F112: 0 | G112: 74 | H112: 74 | I112: 402 | J112: 8.15 | K112: 2.35 | L112: 1.25 | M112: 0.267 | N112: 0.73 | O112: 0.365 | P112: 0.114 | Q112: 95.2 | R112: 4.01 | S112: 4.41 | T112: 4.07 | U112: 4.17 | V112: 4.6
A113: 112 | B113: Craig Kimbrel | C113: 4 Tms | D113: 15 | E113: 12 | F113: 46 | G113: 142 | H113: 0 | I113: 133.1 | J113: 12.42 | K113: 4.46 | L113: 1.28 | M113: 0.267 | N113: 0.716 | O113: 0.324 | P113: 0.14 | Q113: 94.9 | R113: 3.98 | S113: 3.74 | T113: 3.99 | U113: 3.76 | V113: 1.3
A114: 113 | B114: Jordan Leasure | C114: CHW | D114: 5 | E114: 8 | F114: 9 | G114: 101 | H114: 1 | I114: 95.2 | J114: 10.07 | K114: 4.52 | L114: 1.69 | M114: 0.267 | N114: 0.747 | O114: 0.312 | P114: 0.149 | Q114: 96.4 | R114: 4.7 | S114: 3.67 | T114: 4.92 | U114: 4.41 | V114: 0.1
A115: 114 | B115: Tyler Rogers | C115: 2 Tms | D115: 11 | E115: 15 | F115: 3 | G115: 226 | H115: 0 | I115: 221.2 | J115: 6.46 | K115: 1.3 | L115: 0.73 | M115: 0.267 | N115: 0.793 | O115: 0.558 | P115: 0.099 | R115: 2.6 | S115: 2.83 | T115: 3.39 | U115: 3.63 | V115: 2.5
A116: 115 | B116: Alex Lange | C116: DET | D116: 7 | E116: 8 | F116: 28 | G116: 89 | H116: 0 | I116: 85.2 | J116: 10.61 | K116: 6.62 | L116: 0.63 | M116: 0.267 | N116: 0.696 | O116: 0.49 | P116: 0.092 | Q116: 96.4 | R116: 3.78 | S116: 4.08 | T116: 4.27 | U116: 4.59 | V116: 0.1
A117: 116 | B117: Dominic Leone | C117: 4 Tms | D117: 1 | E117: 5 | F117: 1 | G117: 74 | H117: 0 | I117: 73 | J117: 8.75 | K117: 5.18 | L117: 2.22 | M117: 0.267 | N117: 0.774 | O117: 0.404 | P117: 0.222 | Q117: 95.5 | R117: 5.18 | S117: 5.39 | T117: 6.3 | U117: 4.9 | V117: -1.3
A118: 117 | B118: Emmanuel Clase | C118: CLE | D118: 12 | E118: 14 | F118: 115 | G118: 197 | H118: 0 | I118: 194.1 | J118: 8.2 | K118: 1.76 | L118: 0.37 | M118: 0.267 | N118: 0.701 | O118: 0.536 | P118: 0.055 | R118: 2.22 | S118: 2.87 | T118: 2.6 | U118: 3.24 | V118: 5.1
A119: 118 | B119: Garrett Cleavinger | C119: TBR | D119: 10 | E119: 11 | F119: 8 | G119: 150 | H119: 0 | I119: 133.1 | J119: 11.27 | K119: 3.71 | L119: 1.15 | M119: 0.267 | N119: 0.811 | O119: 0.422 | P119: 0.138 | Q119: 96.5 | R119: 3.04 | S119: 3.78 | T119: 3.89 | U119: 3.65 | V119: 0.8
A120: 119 | B120: Brandon Williamson | C120: CIN | D120: 5 | E120: 5 | F120: 0 | G120: 27 | H120: 26 | I120: 131.1 | J120: 7.54 | K120: 3.02 | L120: 1.51 | M120: 0.268 | N120: 0.716 | O120: 0.369 | P120: 0.132 | Q120: 92.8 | R120: 4.39 | S120: 4.75 | T120: 4.84 | U120: 4.75 | V120: 1.6
A121: 120 | B121: Justin Slaten | C121: BOS | D121: 8 | E121: 6 | F121: 5 | G121: 80 | H121: 0 | I121: 89.1 | J121: 8.36 | K121: 1.91 | L121: 0.71 | M121: 0.268 | N121: 0.646 | O121: 0.461 | P121: 0.081 | Q121: 96.7 | R121: 3.43 | S121: 3.34 | T121: 3.02 | U121: 3.47 | V121: 1.9
A122: 121 | B122: Michael Soroka | C122: 4 Tms | D122: 5 | E122: 20 | F122: 0 | G122: 54 | H122: 32 | I122: 201.2 | J122: 9.28 | K122: 3.79 | L122: 1.52 | M122: 0.268 | N122: 0.686 | O122: 0.428 | P122: 0.152 | Q122: 93.5 | R122: 4.91 | S122: 4.24 | T122: 4.89 | U122: 4.41 | V122: 1.1
A123: 122 | B123: Johan Oviedo | C123: PIT | D123: 11 | E123: 15 | F123: 0 | G123: 41 | H123: 41 | I123: 218 | J123: 8.26 | K123: 4.38 | L123: 1.03 | M123: 0.268 | N123: 0.734 | O123: 0.426 | P123: 0.104 | Q123: 95.8 | R123: 4.17 | S123: 4.52 | T123: 4.57 | U123: 4.87 | V123: 2
A124: 123 | B124: Carlos Estévez | C124: 3 Tms | D124: 13 | E124: 15 | F124: 99 | G124: 184 | H124: 0 | I124: 183.1 | J124: 8.93 | K124: 3.19 | L124: 0.83 | M124: 0.268 | N124: 0.748 | O124: 0.292 | P124: 0.068 | Q124: 96.7 | R124: 2.95 | S124: 3.69 | T124: 3.63 | U124: 4.56 | V124: 3.1
A125: 124 | B125: Tyler Mahle | C125: 2 Tms | D125: 7 | E125: 7 | F125: 0 | G125: 24 | H125: 24 | I125: 125 | J125: 7.49 | K125: 2.74 | L125: 0.79 | M125: 0.269 | N125: 0.816 | O125: 0.392 | P125: 0.074 | Q125: 92.3 | R125: 2.66 | S125: 3.99 | T125: 3.58 | U125: 4.28 | V125: 2.5
A126: 125 | B126: Tristan Beck | C126: SFG | D126: 4 | E126: 3 | F126: 4 | G126: 71 | H126: 5 | I126: 157.2 | J126: 7.02 | K126: 2.34 | L126: 1.08 | M126: 0.269 | N126: 0.722 | O126: 0.405 | P126: 0.096 | Q126: 94.4 | R126: 3.94 | S126: 3.97 | T126: 4.08 | U126: 4.52 | V126: 0.5
A127: 126 | B127: Michael Tonkin | C127: 4 Tms | D127: 13 | E127: 8 | F127: 3 | G127: 123 | H127: 0 | I127: 183.1 | J127: 8.79 | K127: 2.99 | L127: 1.08 | M127: 0.269 | N127: 0.668 | O127: 0.386 | P127: 0.109 | Q127: 93 | R127: 4.07 | S127: 4.28 | T127: 4.05 | U127: 4.23 | V127: 0.6
A128: 127 | B128: Miguel Castro | C128: 2 Tms | D128: 6 | E128: 6 | F128: 7 | G128: 92 | H128: 0 | I128: 84.1 | J128: 7.68 | K128: 3.52 | L128: 1.28 | M128: 0.269 | N128: 0.7 | O128: 0.449 | P128: 0.141 | Q128: 95.5 | R128: 4.8 | S128: 4.31 | T128: 4.73 | U128: 4.51 | V128: -0.1
A129: 128 | B129: Zack Wheeler | C129: PHI | D129: 39 | E129: 18 | F129: 0 | G129: 88 | H129: 88 | I129: 541.2 | J129: 10.48 | K129: 2.06 | L129: 0.98 | M129: 0.269 | N129: 0.772 | O129: 0.414 | P129: 0.111 | Q129: 95.8 | R129: 2.97 | S129: 2.86 | T129: 3.1 | U129: 3.23 | V129: 15.3
A130: 129 | B130: Sam Moll | C130: 2 Tms | D130: 6 | E130: 5 | F130: 1 | G130: 141 | H130: 1 | I130: 118.1 | J130: 9.74 | K130: 4.11 | L130: 0.68 | M130: 0.269 | N130: 0.705 | O130: 0.475 | P130: 0.082 | Q130: 93.6 | R130: 3.65 | S130: 3.02 | T130: 3.63 | U130: 4.11 | V130: 1.5
... A132: 131 | B132: Spencer Schwellenbach | C132: ATL | D132: 15 | E132: 11 | F132: 0 | G132: 38 | H132: 38 | I132: 234.1 | J132: 9.03 | K132: 1.57 | L132: 1.04 | M132: 0.27 | N132: 0.732 | O132: 0.441 | P132: 0.124 | Q132: 96.6 | R132: 3.23 | S132: 3.49 | T132: 3.27 | U132: 3.19 | V132: 5.1
A133: 132 | B133: Andrew Kittredge | C133: 4 Tms | D133: 11 | E133: 8 | F133: 7 | G133: 142 | H133: 0 | I133: 135.1 | J133: 9.38 | K133: 2.19 | L133: 1.2 | M133: 0.27 | N133: 0.78 | O133: 0.459 | P133: 0.141 | R133: 3.06 | S133: 3.49 | T133: 3.56 | U133: 3.29 | V133: 1.3
A134: 133 | B134: Blake Snell | C134: 3 Tms | D134: 24 | E134: 16 | F134: 0 | G134: 63 | H134: 63 | I134: 345.1 | J134: 11.75 | K134: 4.4 | L134: 0.63 | M134: 0.27 | N134: 0.805 | O134: 0.446 | P134: 0.089 | Q134: 95.7 | R134: 2.53 | S134: 3.29 | T134: 3 | U134: 3.34 | V134: 9.1
A135: 134 | B135: Austin Voth | C135: 2 Tms | D135: 3 | E135: 7 | F135: 0 | G135: 93 | H135: 0 | I135: 95.2 | J135: 8.94 | K135: 3.1 | L135: 1.41 | M135: 0.27 | N135: 0.689 | O135: 0.343 | P135: 0.128 | Q135: 93.5 | R135: 4.23 | S135: 3.63 | T135: 4.47 | U135: 4.35 | V135: -0.2
A136: 135 | B136: Jose Quintana | C136: 2 Tms | D136: 24 | E136: 23 | F136: 0 | G136: 68 | H136: 68 | I136: 377.2 | J136: 6.77 | K136: 3.26 | L136: 1.07 | M136: 0.271 | N136: 0.752 | O136: 0.447 | P136: 0.107 | Q136: 90.6 | R136: 3.79 | S136: 4.76 | T136: 4.44 | U136: 4.61 | V136: 3.4
A137: 136 | B137: Brent Honeywell | C137: 4 Tms | D137: 3 | E137: 5 | F137: 1 | G137: 60 | H137: 1 | I137: 90 | J137: 6.3 | K137: 3.4 | L137: 1.3 | M137: 0.271 | N137: 0.788 | O137: 0.46 | P137: 0.137 | Q137: 94.9 | R137: 3.9 | S137: 5.4 | T137: 5.06 | U137: 4.86 | V137: -0.3
A138: 137 | B138: Edwin Díaz | C138: NYM | D138: 12 | E138: 7 | F138: 48 | G138: 116 | H138: 0 | I138: 120 | J138: 13.65 | K138: 3.08 | L138: 0.83 | M138: 0.271 | N138: 0.803 | O138: 0.464 | P138: 0.125 | Q138: 97.5 | R138: 2.48 | S138: 2.49 | T138: 2.61 | U138: 2.54 | V138: 3.1
A139: 138 | B139: Chris Murphy | C139: BOS | D139: 4 | E139: 2 | F139: 1 | G139: 43 | H139: 0 | I139: 82.1 | J139: 8.64 | K139: 4.04 | L139: 0.98 | M139: 0.271 | N139: 0.74 | O139: 0.485 | P139: 0.114 | Q139: 94 | R139: 4.15 | S139: 3.8 | T139: 4.27 | U139: 4.4 | V139: 0.2
A140: 139 | B140: Merrill Kelly | C140: 2 Tms | D140: 29 | E140: 18 | F140: 0 | G140: 75 | H140: 75 | I140: 435.1 | J140: 8.62 | K140: 2.81 | L140: 1.12 | M140: 0.271 | N140: 0.749 | O140: 0.438 | P140: 0.125 | Q140: 92.1 | R140: 3.51 | S140: 4.27 | T140: 3.88 | U140: 3.83 | V140: 6.9
A141: 140 | B141: Cristian Javier | C141: HOU | D141: 15 | E141: 10 | F141: 0 | G141: 46 | H141: 46 | I141: 233.2 | J141: 8.47 | K141: 3.7 | L141: 1.23 | M141: 0.271 | N141: 0.704 | O141: 0.262 | P141: 0.088 | Q141: 92.7 | R141: 4.47 | S141: 4.27 | T141: 4.46 | U141: 5.19 | V141: 3.1
A142: 141 | B142: Gavin Williams | C142: CLE | D142: 18 | E142: 20 | F142: 0 | G142: 63 | H142: 63 | I142: 325.2 | J142: 9.2 | K142: 4.2 | L142: 1.05 | M142: 0.271 | N142: 0.78 | O142: 0.42 | P142: 0.115 | Q142: 96.4 | R142: 3.54 | S142: 4.25 | T142: 4.14 | U142: 4.2 | V142: 3.8
A143: 142 | B143: Hunter Greene | C143: CIN | D143: 20 | E143: 16 | F143: 0 | G143: 67 | H143: 67 | I143: 370 | J143: 11.02 | K143: 3.19 | L143: 1.12 | M143: 0.271 | N143: 0.781 | O143: 0.338 | P143: 0.106 | Q143: 98.5 | R143: 3.38 | S143: 3.28 | T143: 3.65 | U143: 3.87 | V143: 8.5
A144: 143 | B144: Carson Fulmer | C144: LAA | D144: 1 | E144: 6 | F144: 0 | G144: 53 | H144: 9 | I144: 126 | J144: 8.07 | K144: 3.93 | L144: 1.21 | M144: 0.271 | N144: 0.71 | O144: 0.423 | P144: 0.119 | Q144: 93.2 | R144: 4.43 | S144: 4.55 | T144: 4.58 | U144: 4.56 | V144: 0.3
A145: 144 | B145: Anthony Bender | C145: MIA | D145: 8 | E145: 7 | F145: 5 | G145: 110 | H145: 0 | I145: 103 | J145: 8.83 | K145: 3.41 | L145: 0.52 | M145: 0.271 | N145: 0.75 | O145: 0.493 | P145: 0.064 | Q145: 95.9 | R145: 3.15 | S145: 3.46 | T145: 3.26 | U145: 3.9 | V145: 1.3
... A169: 168 | B169: Julio Teheran | C169: 2 Tms | D169: 3 | E169: 5 | F169: 0 | G169: 15 | H169: 12 | I169: 74.1 | J169: 6.42 | K169: 1.82 | L169: 1.7 | M169: 0.275 | N169: 0.722 | O169: 0.398 | P169: 0.146 | Q169: 89.3 | R169: 4.72 | S169: 4.91 | T169: 5.04 | U169: 4.72 | V169: 0.2
A170: 169 | B170: Kyle Bradish | C170: BAL | D170: 15 | E170: 8 | F170: 0 | G170: 44 | H170: 44 | I170: 240 | J170: 10.05 | K170: 2.59 | L170: 0.71 | M170: 0.275 | N170: 0.795 | O170: 0.482 | P170: 0.097 | R170: 2.78 | S170: 3.47 | T170: 3.03 | U170: 3.32 | V170: 6.4
A171: 170 | B171: Tarik Skubal | C171: DET | D171: 38 | E171: 13 | F171: 0 | G171: 77 | H171: 77 | I171: 467.2 | J171: 10.99 | K171: 1.58 | L171: 0.71 | M171: 0.275 | N171: 0.781 | O171: 0.447 | P171: 0.09 | Q171: 97 | R171: 2.39 | S171: 2.63 | T171: 2.39 | U171: 2.71 | V171: 15.9
...
