Workbook

Sheet Ideal_Lineup
A1: Round | B1: First Pick | C1: Back Up | D1: Back Up 2 | E1: Back Up 3
A2: 1 | B2: Corbin Carroll | C2: Julio Rodriguez | D2: Ronald Acuna Jr. | E2: Fernando Tatis Jr
A3: 2 | B3: Pete Alonso | C3: Vlad Guerreo Jr | D3: Fernando Tatis Jr
A4: 3 | B4: James Wood | C4: Pete Crow-Armstrong | D4: Cristopher Sanchez | I4: Ideal Round | J4: High Round | K4: Low Round | L4: Target | M4: Reach | N4: Fallback
A5: 4 | B5: Manny Machado | C5: Chris Sale | D5: Jacob DeGrom | E5: Bryan Woo | H5: c | I5: 7 | J5: 5 | K5: 7 | L5: Agustin Ramirez | M5: Ben Rice/Shea Langeliers | N5: Agustin Ramirez
A6: 5 | B6: Matt Olson | C6: Bryce Harper | D6: Ben Rice | E6: Shea Langiliers | H6: 1b | I6: 2 | J6: 2 | K6: 5 | L6: Pete Alonso/Vlad Jr | M6: Pete Alonso/Vlad Jr | N6: Matt Olson/Bryce Harper
A7: 6 | B7: Jackson Merrill | C7: Rafael Devers | D7: Augustin Ramirez | H7: 2b | I7: 15 | J7: 3 | K7: 20 | L7: Brandon Lowe | M7: Ketel Marte | N7: Marcus Seimen
A8: 7 | B8: Augustin Ramirez | C8: Jesus Luzardo | D8: Dylan Cease | E8: Jarren Duran | H8: ss | I8: 9 | J8: 3 | K8: 18 | L8: Corey Seager | M8: Trea Turner | N8: Ezequiel Tovar/Konnor Griffin
A9: 8 | B9: Shohei Ohtani | H9: 3b | I9: 4 | J9: 3 | K9: 16 | L9: Manny Machado | M9: Manny Machado | N9: Jordan Westberg
A10: 9 | B10: Corey Seager | H10: of | I10: 1 | J10: 1 | K10: 1 | L10: Corbin Carroll | M10: Ronald Acuna Jr. | N10: Julio Rodriguez/Fernando Tatis Jr.
A11: 10 | B11: Nick Lodolo | H11: of | I11: 3 | J11: 2 | K11: 6 | L11: James Wood | M11: James Wood/Pete Crow-Armstrong | N11: Jackson Merrill
A12: 11 | B12: Jo Adell | H12: of | I12: 11 | J12: 6 | K12: 17 | L12: Jo Adell | M12: Jackson Merrill | N12: Daylen Lile
A13: 12 | B13: Ranger Suarez | H13: util | I13: 5 | J13: 5 | K13: 11 | L13: Matt Olson/Bryce Harper
A14: 13 | B14: Shota Imanaga | H14: util | I14: 6 | J14: 11 | K14: 20 | L14: Jackson Merrill | M14: Trevor Story
A15: 14 | B15: MacKenzie Gore | H15: sp | I15: 8 | J15: 4 | K15: 8 | L15: Shohei Ohtani | M15: Chris Sale/Jacob DeGrom/Bryan Woo
A16: 15 | B16: Brandon Lowe | H16: sp | I16: 10 | J16: 9 | K16: 12 | L16: Nick Lodolo
A17: 16 | B17: Will Vest | H17: rp | I17: 16 | J17: 12 | K17: 19 | L17: Will Vest
A18: 17 | B18: Daylen Lile | H18: rp | I18: 20 | J18: 15 | K18: 20 | L18: Jason Adam
A19: 18 | B19: Kris Bubic | H19: p | I19: 12 | J19: 11 | K19: 17 | L19: Ranger Suarez
A20: 19 | B20: Mickey Moniak | H20: p | I20: 13 | J20: 13 | K20: 18 | L20: Shota Imanaga
A21: 20 | B21: Jason Adam | H21: p | I21: 14 | J21: 15 | K21: 19 | L21: MacKenzie Gore
A22: 21 | B22: Garrett Cleavinger | H22: p | I22: 18 | J22: 16 | K22: 20 | L22: Kris Bubic
A23: 22 | B23: Dylan Lee | H23: util | I23: 17 | J23: 17 | K23: 22 | L23: Daylen Lile | M23: Daylen Lile | N23: Mickey Moniak
A24: 23 | B24: Bennett Sousa | F24: ? | H24: util | I24: 19 | J24: 18 | K24: 23 | L24: Mickey Moniak | M24: Daylen Lile | N24: Jerar Encarnacion
H25: p | I25: 21 | J25: 19 | K25: 21 | L25: Garrett Cleavinger
H26: p | I26: 22 | J26: 20 | K26: 22 | L26: Dylan Lee
H27: p | I27: 23 | J27: 21 | K27: 23 | L27: Bennett Sousa
L29: Also consider
A31: Name | B31: Position | C31: Sum(great_season_probability) | D31: ADP | E31: Round | F31: BABIP_Expectation_Batter | G31: BABIP_Expectation_Pitcher
A32: Shohei Ohtani | B32: DH | C32: 0.92943645 | D32: 1.5 | E32: 1 | F32: Same | G32: #N/A
A33: Aaron Judge | B33: OF/DH | C33: 0.9162953 | D33: 3.4 | E33: 1 | F33: Regression | G33: #N/A
A34: Vladimir Guerrero Jr. | B34: 1B/DH | C34: 0.9117822 | D34: 14.4 | E34: 2 | F34: Regression | G34: #N/A
A35: Fernando Tatis Jr. | B35: OF | C35: 0.9117414 | D35: 10.6 | E35: 1 | F35: Regression | G35: #N/A
A36: Reed Garrett | B36: RP | C36: 0.9159347 | D36: #N/A | E36: #N/A | F36: #N/A | G36: #N/A
A37: Juan Soto | B37: OF | C37: 0.86973935 | D37: 7.8 | E37: 1 | F37: Regression | G37: #N/A
A38: Dedniel Nunez | B38: RP | C38: 0.898492 | D38: #N/A | E38: #N/A | F38: #N/A | G38: #N/A
A39: Yordan Alvarez | B39: OF/DH | C39: 0.8654861 | D39: 17.6 | E39: 2 | F39: Same | G39: #N/A
A40: Jake Cousins | B40: RP | C40: 0.8984478 | D40: #N/A | E40: #N/A | F40: #N/A | G40: #N/A
A41: Rafael Devers | B41: 3B | C41: 0.8580056 | D41: 34.8 | E41: 3 | F41: Same | G41: #N/A
A42: Tommy Kahnle | B42: RP | C42: 0.89481205 | D42: 240 | E42: 20 | F42: #N/A | G42: #N/A
A43: Griffin Jax | B43: RP | C43: 0.8824934 | D43: 239 | E43: 20 | F43: #N/A | G43: #N/A
A44: Austin Riley | B44: 3B | C44: 0.8494359 | D44: 29.5 | E44: 3 | F44: Same | G44: #N/A
A45: Ian Hamilton | B45: RP | C45: 0.8822293 | D45: #N/A | E45: #N/A | F45: #N/A | G45: #N/A
A46: Bobby Witt Jr. | B46: SS | C46: 0.84757924 | D46: 1.6 | E46: 1 | F46: Regression | G46: #N/A
A47: Jerar Encarnacion | B47: 1B/OF/DH | C47: 0.8275798 | D47: #N/A | E47: #N/A | F47: #N/A | G47: #N/A
A48: Ryan Helsley | B48: RP | C48: 0.87516254 | D48: 50.7 | E48: 5 | F48: #N/A | G48: #N/A
A49: Blake Snell | B49: SP | C49: 0.8413762 | D49: 40.6 | E49: 4 | F49: #N/A | G49: #N/A
A50: Paul Skenes | B50: SP | C50: 0.834039 | D50: 11.3 | E50: 1 | F50: #N/A | G50: #N/A
A51: Jeremiah Estrada | B51: RP | C51: 0.87516254 | D51: 254 | E51: 22 | F51: #N/A | G51: #N/A
A52: Dennis Santana | B52: RP | C52: 0.87165487 | D52: #N/A | E52: #N/A | F52: #N/A | G52: #N/A
A53: Corey Seager | B53: SS | C53: 0.75745606 | D53: 40 | E53: 4 | F53: Same | G53: #N/A
A54: Garrett Crochet | B54: SP | C54: 0.8066467 | D54: 24.8 | E54: 3 | F54: #N/A | G54: #N/A
A55: Mark Leiter Jr. | B55: RP | C55: 0.87133247 | D55: #N/A | E55: #N/A | F55: #N/A | G55: #N/A
A56: Matt Chapman | B56: 3B | C56: 0.7129335 | D56: 130.2 | E56: 11 | F56: Same | G56: #N/A
A57: Robbie Ray | B57: SP | C57: 0.8041675 | D57: 156.2 | E57: 14 | F57: #N/A | G57: #N/A
A58: Gunnar Henderson | B58: SS | C58: 0.65990394 | D58: 6.1 | E58: 1 | F58: Same | G58: #N/A
A59: Mike Trout | B59: OF | C59: 0.6587786 | D59: 124.5 | E59: 11 | F59: #N/A | G59: #N/A
A60: Giancarlo Stanton | B60: DH | C60: 0.6508743 | D60: 381.6 | E60: 32 | F60: Regression | G60: #N/A
A61: Jeff Hoffman | B61: RP | C61: 0.8692168 | D61: 128 | E61: 12 | F61: #N/A | G61: #N/A
A62: Jason Adam | B62: RP | C62: 0.8692168 | D62: 228 | E62: 20 | F62: #N/A | G62: #N/A
A63: Jackson Merrill | B63: OF | C63: 0.60806304 | D63: 25.6 | E63: 3 | F63: Same | G63: #N/A
A64: Christian Walker | B64: 1B | C64: 0.54935026 | D64: 95.3 | E64: 8 | F64: Regression | G64: #N/A
A65: Jordan Westburg | B65: 2B/3B | C65: 0.5130863 | D65: 90.5 | E65: 8 | F65: Same | G65: #N/A
A66: Bryan Woo | B66: SP | C66: 0.79037803 | D66: 139 | E66: 14 | F66: #N/A | G66: #N/A
A67: Matt Olson | B67: 1B | C67: 0.4927301 | D67: 38.7 | E67: 4 | F67: Same | G67: #N/A
... A74: Logan Gilbert | B74: SP | C74: 0.6581922 | D74: 26 | E74: 3 | F74: #N/A | G74: Regression
A75: Angel Chivilli | B75: RP | C75: 0.8632359 | D75: #N/A | E75: #N/A | F75: #N/A | G75: #N/A
A76: Grant Holmes | B76: SP/RP | C76: 0.8534889 | D76: 245 | E76: 21 | F76: #N/A | G76: #N/A
A77: Ketel Marte | B77: 2B/DH | C77: 0.47614032 | D77: 32.4 | E77: 3 | F77: Same | G77: #N/A
A78: Romy Gonzalez | B78: 1B/2B/SS | C78: 0.38101044 | D78: 645.8 | E78: 54 | F78: #N/A | G78: #N/A
A79: Michael Harris II | B79: OF | C79: 0.3799269 | D79: 37.9 | E79: 4 | F79: Improve | G79: #N/A
A80: Tarik Skubal | B80: SP | C80: 0.6535916 | D80: 13.8 | E80: 2 | F80: #N/A | G80: Regression
A81: Justin Steele | B81: SP | C81: 0.6528158 | D81: 121 | E81: 11 | F81: #N/A | G81: #N/A
A82: Kyle Tucker | B82: OF | C82: 0.3784005 | D82: 8.3 | E82: 1 | F82: Same | G82: #N/A
A83: Jackson Chourio | B83: OF | C83: 0.37210742 | D83: 16.6 | E83: 2 | F83: Same | G83: #N/A
A84: Matt Wallner | B84: OF | C84: 0.36942366 | D84: 239 | E84: 20 | F84: Regression | G84: #N/A
A85: Julio Rodríguez | B85: OF | C85: 0.34996724 | D85: 13.7 | E85: 2 | F85: Same | G85: #N/A
A86: Leody Taveras | B86: OF | C86: 0.34912145 | D86: 452 | E86: 38 | F86: #N/A | G86: #N/A
A87: Nick Martinez | B87: SP | C87: 0.62830323 | D87: 251 | E87: 21 | F87: #N/A | G87: #N/A
... A96: Jared Jones | B96: SP | C96: 0.47025585 | D96: 149 | E96: 13 | F96: #N/A | G96: #N/A
A97: Tyler Anderson | B97: SP | C97: 0.44297388 | D97: #N/A | E97: #N/A | F97: #N/A | G97: Regression
A98: Cole Ragans | B98: SP | C98: 0.42130622 | D98: 49.5 | E98: 5 | F98: #N/A | G98: Same
A99: Ronel Blanco | B99: SP | C99: 0.40907443 | D99: 246.3 | E99: 21 | F99: #N/A | G99: #N/A
A100: Manny Machado | B100: 3B/DH | C100: 0.2995941 | D100: 38.3 | E100: 4 | F100: Same | G100: #N/A
A101: Oneil Cruz | B101: SS/OF | C101: 0.29848033 | D101: 42.5 | E101: 4 | F101: Regression | G101: #N/A
A102: Sonny Gray | B102: SP | C102: 0.38718066 | D102: 109.9 | E102: 10 | F102: #N/A | G102: Same
A103: Marcell Ozuna | B103: DH | C103: 0.29585364 | D103: 71.5 | E103: 6 | F103: Regression | G103: #N/A
A104: James Wood | B104: OF | C104: 0.29177788 | D104: 56.4 | E104: 5 | F104: Same | G104: #N/A
A105: Nathan Eovaldi | B105: SP | C105: 0.3723135 | D105: 200.4 | E105: 17 | F105: #N/A | G105: Same
A106: Joe Jimenez | B106: RP | C106: 0.85112286 | D106: #N/A | E106: #N/A | F106: #N/A | G106: #N/A
A107: Junior Caminero | B107: 3B | C107: 0.29131645 | D107: #N/A | E107: #N/A | F107: #N/A | G107: #N/A
A108: Edmundo Sosa | B108: 2B/3B/SS | C108: 0.28288072 | D108: 519.8 | E108: 44 | F108: #N/A | G108: #N/A
A109: Corbin Burnes | B109: SP | C109: 0.3411315 | D109: 38.9 | E109: 4 | F109: #N/A | G109: Improve
A110: Francisco Lindor | B110: SS | C110: 0.2826277 | D110: 15.2 | E110: 2 | F110: Same | G110: #N/A
A111: Hunter Brown | B111: SP | C111: 0.33580303 | D111: 98 | E111: 9 | F111: #N/A | G111: Same
A112: Randal Grichuk | B112: OF/DH | C112: 0.28084907 | D112: 556.7 | E112: 47 | F112: Same | G112: #N/A
A113: Framber Valdez | B113: SP | C113: 0.30962187 | D113: 61.3 | E113: 6 | F113: #N/A | G113: Same
A114: Jarren Duran | B114: OF | C114: 0.27815846 | D114: 21.1 | E114: 2 | F114: Same | G114: #N/A
A115: Tomás Nido | B115: C | C115: 0.27546075 | D115: #N/A | E115: #N/A | F115: #N/A | G115: #N/A
A116: Taj Bradley | B116: SP | C116: 0.30158094 | D116: 226 | E116: 19 | F116: #N/A | G116: #N/A
...

Sheet Combined_Tiers
A1: Name | B1: Position | C1: great_season_probability | D1: ADP | E1: Round
A2: Aaron Judge | B2: OF/DH | C2: 0.9083965 | D2: 1.9 | E2: 1
A3: Bobby Witt Jr. | B3: SS | C3: 0.75887525 | D3: 2.9 | E3: 1
A4: Shohei Ohtani | B4: DH | C4: 0.7436603 | D4: 1.3 | E4: 1
A5: Tarik Skubal | B5: SP | C5: 0.7353988 | D5: 6.9 | E5: 1
A6: Julio Rodriguez | B6: OF | C6: 0.6871629 | D6: 10.6 | E6: 1
A7: Ronald Acuna Jr. | B7: OF | C7: 0.640605 | D7: 6.3 | E7: 1
A8: Juan Soto | B8: OF | C8: 0.6325008 | D8: 4.5 | E8: 1
A9: Paul Skenes | B9: SP | C9: 0.47025585 | D9: 10.2 | E9: 1
A10: Jose Ramirez | B10: 3B/DH | C10: 0.35408595 | D10: 5.8 | E10: 1
A11: Elly De La Cruz | B11: SS | C11: 0.31645152 | D11: 8.5 | E11: 1
A12: Garrett Crochet | B12: SP | C12: 0.27405342 | D12: 11.4 | E12: 1
A13: Vladimir Guerrero Jr. | B13: 1B/DH | C13: 0.83745563 | D13: 18 | E13: 2
... A180: Joey Ortiz | B180: SS | C180: 0.07513961 | D180: 740.6 | E180: 62
A181: Ben Brown | B181: SP | C181: 0.252659 | D181: 999 | E181: =_xlfn.CEILING.MATH(D181/12) -> 84
A182: Max Kepler | B182: OF | C182: 0.24579903 | D182: 999 | E182: =_xlfn.CEILING.MATH(D182/12) -> 84
A183: Heriberto Hernandez | B183: OF/DH | C183: 0.22174667 | D183: 999 | E183: =_xlfn.CEILING.MATH(D183/12) -> 84
A184: Myles Straw | B184: OF | C184: 0.19491282 | D184: 999 | E184: =_xlfn.CEILING.MATH(D184/12) -> 84
A185: Dean Kremer | B185: SP | C185: 0.16272049 | D185: 999 | E185: =_xlfn.CEILING.MATH(D185/12) -> 84
A186: Tommy Pham | B186: OF | C186: 0.1259256 | D186: 999 | E186: =_xlfn.CEILING.MATH(D186/12) -> 84
A187: Eric Lauer | B187: SP | C187: 0.10947341 | D187: 999 | E187: =_xlfn.CEILING.MATH(D187/12) -> 84
A188: Eric Wagaman | B188: 1B/OF | C188: 0.10534485 | D188: 999 | E188: =_xlfn.CEILING.MATH(D188/12) -> 84
A189: Andrew McCutchen | B189: DH | C189: 0.09942715 | D189: 999 | E189: =_xlfn.CEILING.MATH(D189/12) -> 84
A190: Mike Yastrzemski | B190: OF | C190: 0.09530265 | D190: 999 | E190: =_xlfn.CEILING.MATH(D190/12) -> 84
A191: Gabriel Arias | B191: 2B/SS | C191: 0.088377364 | D191: 999 | E191: =_xlfn.CEILING.MATH(D191/12) -> 84
A192: Alek Thomas | B192: OF | C192: 0.087574296 | D192: 999 | E192: =_xlfn.CEILING.MATH(D192/12) -> 84
... A196: Ty France | B196: 1B | C196: 0.078541756 | D196: 999 | E196: =_xlfn.CEILING.MATH(D196/12) -> 84
A197: Brooks Baldwin | B197: #N/A | C197: 0.49043992 | D197: #N/A | E197: #N/A
A198: Randal Grichuk | B198: #N/A | C198: 0.4846786 | D198: #N/A | E198: #N/A
A199: Will Benson | B199: #N/A | C199: 0.41992894 | D199: #N/A | E199: #N/A
A200: Tyrone Taylor | B200: #N/A | C200: 0.3957435 | D200: #N/A | E200: #N/A
A201: Luke Raley | B201: #N/A | C201: 0.30508044 | D201: #N/A | E201: #N/A
A202: Jake Bauers | B202: #N/A | C202: 0.27564982 | D202: #N/A | E202: #N/A
A203: Nick Gonzales | B203: #N/A | C203: 0.1985416 | D203: #N/A | E203: #N/A
A204: Otto Kemp | B204: #N/A | C204: 0.15048069 | D204: #N/A | E204: #N/A
A205: Blaze Alexander | B205: #N/A | C205: 0.15048069 | D205: #N/A | E205: #N/A
A206: Ryan Mountcastle | B206: #N/A | C206: 0.10231702 | D206: #N/A | E206: #N/A
A207: Joc Pederson | B207: #N/A | C207: 0.09732419 | D207: #N/A | E207: #N/A
A208: Wenceel Perez | B208: #N/A | C208: 0.09476013 | D208: #N/A | E208: #N/A
... A212: Christopher Morel | B212: #N/A | C212: 0.087543264 | D212: #N/A | E212: #N/A

Sheet Batter_Tiers
A1: last_name, first_name | B1: great_season_probability | G1: Name | H1: Position | I1: Sum(great_season_probability) | J1: ADP | K1: Round | N1: Watch List | O1: C | P1: 1B | Q1: 2B | R1: 3B | S1: SS | T1: OF | U1: Util | V1: SP | W1: RP
A2: Alonso, Pete | B2: 0.9226731 | E2: =LEFT(A2, FIND(",", A2) - 1) -> Alonso | F2: =TRIM(MID(A2, FIND(",", A2) + 1, LEN(A2))) -> Pete | G2: =F2 & " " & E2 -> Pete Alonso | H2: =VLOOKUP(G2,ADP!$B$1:$K$646,3,FALSE) -> 1B | I2: =B2 -> 0.9226731 | J2: =VLOOKUP(G2,ADP!$B$1:$K$646,4,FALSE) -> 25 | K2: =_xlfn.CEILING.MATH(J2/12) -> 3 | O2: Salvador Perez | P2: Christian Walker | Q2: Jordan Westburg | R2: Rafael Devers | S2: Bobby Witt Jr. | T2: Aaron Judge | U2: Shohei Ohtani
A3: Judge, Aaron | B3: 0.9083965 | E3: =LEFT(A3, FIND(",", A3) - 1) -> Judge | F3: =TRIM(MID(A3, FIND(",", A3) + 1, LEN(A3))) -> Aaron | G3: =F3 & " " & E3 -> Aaron Judge | H3: =VLOOKUP(G3,ADP!$B$1:$K$646,3,FALSE) -> OF/DH | I3: =B3 -> 0.9083965 | J3: =VLOOKUP(G3,ADP!$B$1:$K$646,4,FALSE) -> 1.9 | K3: =_xlfn.CEILING.MATH(J3/12) -> 1 | O3: William Contreras | P3: Matt Olson | Q3: Ketel Marte | R3: Austin Riley | S3: Corey Seager | T3: Vladimir Guerrero Jr.
A4: Gonzalez, Romy | B4: 0.8846713 | E4: =LEFT(A4, FIND(",", A4) - 1) -> Gonzalez | F4: =TRIM(MID(A4, FIND(",", A4) + 1, LEN(A4))) -> Romy | G4: =F4 & " " & E4 -> Romy Gonzalez | H4: =VLOOKUP(G4,ADP!$B$1:$K$646,3,FALSE) -> 1B/2B | I4: =B4 -> 0.8846713 | J4: =VLOOKUP(G4,ADP!$B$1:$K$646,4,FALSE) -> 719.2 | K4: =_xlfn.CEILING.MATH(J4/12) -> 60 | O4: Wilson Contreras | P4: Tyler Soderstrom | Q4: Brandon Lowe | R4: Matt Chapman | S4: Oneil Cruz | T4: Fernando Tatis Jr.
A5: Seager, Corey | B5: 0.86515254 | E5: =LEFT(A5, FIND(",", A5) - 1) -> Seager | F5: =TRIM(MID(A5, FIND(",", A5) + 1, LEN(A5))) -> Corey | G5: =F5 & " " & E5 -> Corey Seager | H5: =VLOOKUP(G5,ADP!$B$1:$K$646,3,FALSE) -> SS | I5: =B5 -> 0.86515254 | J5: =VLOOKUP(G5,ADP!$B$1:$K$646,4,FALSE) -> 99.5 | K5: =_xlfn.CEILING.MATH(J5/12) -> 9 | P5: Bryce Harper | Q5: Marcus Semien | R5: Gunnar Henderson | S5: Francisco Lindor | T5: Juan Soto
A6: Guerrero Jr., Vladimir | B6: 0.83745563 | E6: =LEFT(A6, FIND(",", A6) - 1) -> Guerrero Jr. | F6: =TRIM(MID(A6, FIND(",", A6) + 1, LEN(A6))) -> Vladimir | G6: =F6 & " " & E6 -> Vladimir Guerrero Jr. | H6: =VLOOKUP(G6,ADP!$B$1:$K$646,3,FALSE) -> 1B/DH | I6: =B6 -> 0.83745563 | J6: =VLOOKUP(G6,ADP!$B$1:$K$646,4,FALSE) -> 18 | K6: =_xlfn.CEILING.MATH(J6/12) -> 2 | P6: Pete Alonso | Q6: Bryson Stott | R6: Manny Machado | S6: Ezequiel Tovar | T6: Yordan Alvarez
A7: Olson, Matt | B7: 0.82606506 | E7: =LEFT(A7, FIND(",", A7) - 1) -> Olson | F7: =TRIM(MID(A7, FIND(",", A7) + 1, LEN(A7))) -> Matt | G7: =F7 & " " & E7 -> Matt Olson | H7: =VLOOKUP(G7,ADP!$B$1:$K$646,3,FALSE) -> 1B | I7: =B7 -> 0.82606506 | J7: =VLOOKUP(G7,ADP!$B$1:$K$646,4,FALSE) -> 50.9 | K7: =_xlfn.CEILING.MATH(J7/12) -> 5 | P7: Luke Raley | Q7: Mookie Betts | R7: Miguel Vargas | S7: Elly De La Cruz | T7: Mike Trout
A8: Carroll, Corbin | B8: 0.7911162 | E8: =LEFT(A8, FIND(",", A8) - 1) -> Carroll | F8: =TRIM(MID(A8, FIND(",", A8) + 1, LEN(A8))) -> Corbin | G8: =F8 & " " & E8 -> Corbin Carroll | H8: =VLOOKUP(G8,ADP!$B$1:$K$646,3,FALSE) -> OF | I8: =B8 -> 0.7911162 | J8: =VLOOKUP(G8,ADP!$B$1:$K$646,4,FALSE) -> 12.2 | K8: =_xlfn.CEILING.MATH(J8/12) -> 2 | P8: Yandy Díaz | R8: José Ramírez | S8: Masyn Winn | T8: Giancarlo Stanton
A9: Witt Jr., Bobby | B9: 0.75887525 | E9: =LEFT(A9, FIND(",", A9) - 1) -> Witt Jr. | F9: =TRIM(MID(A9, FIND(",", A9) + 1, LEN(A9))) -> Bobby | G9: =F9 & " " & E9 -> Bobby Witt Jr. | H9: =VLOOKUP(G9,ADP!$B$1:$K$646,3,FALSE) -> SS | I9: =B9 -> 0.75887525 | J9: =VLOOKUP(G9,ADP!$B$1:$K$646,4,FALSE) -> 2.9 | K9: =_xlfn.CEILING.MATH(J9/12) -> 1 | S9: =REPLACE(_xlfn.CONCAT(R9," ",Q9), 1, 1,"") | T9: Jackson Merrill
A10: Lile, Daylen | B10: 0.75545996 | E10: =LEFT(A10, FIND(",", A10) - 1) -> Lile | F10: =TRIM(MID(A10, FIND(",", A10) + 1, LEN(A10))) -> Daylen | G10: =F10 & " " & E10 -> Daylen Lile | H10: =VLOOKUP(G10,ADP!$B$1:$K$646,3,FALSE) -> OF | I10: =B10 -> 0.75545996 | J10: =VLOOKUP(G10,ADP!$B$1:$K$646,4,FALSE) -> 198.3 | K10: =_xlfn.CEILING.MATH(J10/12) -> 17 | T10: Matt Olson
A11: Ohtani, Shohei | B11: 0.7436603 | E11: =LEFT(A11, FIND(",", A11) - 1) -> Ohtani | F11: =TRIM(MID(A11, FIND(",", A11) + 1, LEN(A11))) -> Shohei | G11: =F11 & " " & E11 -> Shohei Ohtani | H11: =VLOOKUP(G11,ADP!$B$1:$K$646,3,FALSE) -> DH | I11: =B11 -> 0.7436603 | J11: =VLOOKUP(G11,ADP!$B$1:$K$646,4,FALSE) -> 1.3 | K11: =_xlfn.CEILING.MATH(J11/12) -> 1 | T11: Michael Harris II
A12: Harper, Bryce | B12: 0.73556554 | E12: =LEFT(A12, FIND(",", A12) - 1) -> Harper | F12: =TRIM(MID(A12, FIND(",", A12) + 1, LEN(A12))) -> Bryce | G12: =F12 & " " & E12 -> Bryce Harper | H12: =VLOOKUP(G12,ADP!$B$1:$K$646,3,FALSE) -> 1B | I12: =B12 -> 0.73556554 | J12: =VLOOKUP(G12,ADP!$B$1:$K$646,4,FALSE) -> 50.7 | K12: =_xlfn.CEILING.MATH(J12/12) -> 5 | T12: Kyle Tucker
A13: Tatis Jr., Fernando | B13: 0.7162315 | E13: =LEFT(A13, FIND(",", A13) - 1) -> Tatis Jr. | F13: =TRIM(MID(A13, FIND(",", A13) + 1, LEN(A13))) -> Fernando | G13: =F13 & " " & E13 -> Fernando Tatis Jr. | H13: =VLOOKUP(G13,ADP!$B$1:$K$646,3,FALSE) -> OF | I13: =B13 -> 0.7162315 | J13: =VLOOKUP(G13,ADP!$B$1:$K$646,4,FALSE) -> 14.8 | K13: =_xlfn.CEILING.MATH(J13/12) -> 2 | T13: Jackson Chourio
A14: Rice, Ben | B14: 0.69049954 | E14: =LEFT(A14, FIND(",", A14) - 1) -> Rice | F14: =TRIM(MID(A14, FIND(",", A14) + 1, LEN(A14))) -> Ben | G14: =F14 & " " & E14 -> Ben Rice | H14: =VLOOKUP(G14,ADP!$B$1:$K$646,3,FALSE) -> C/1B/DH | I14: =B14 -> 0.69049954 | J14: =VLOOKUP(G14,ADP!$B$1:$K$646,4,FALSE) -> 50.5 | K14: =_xlfn.CEILING.MATH(J14/12) -> 5 | T14: Matt Wallner
A15: Schwarber, Kyle | B15: 0.68764704 | E15: =LEFT(A15, FIND(",", A15) - 1) -> Schwarber | F15: =TRIM(MID(A15, FIND(",", A15) + 1, LEN(A15))) -> Kyle | G15: =F15 & " " & E15 -> Kyle Schwarber | H15: =VLOOKUP(G15,ADP!$B$1:$K$646,3,FALSE) -> DH | I15: =B15 -> 0.68764704 | J15: =VLOOKUP(G15,ADP!$B$1:$K$646,4,FALSE) -> 24.5 | K15: =_xlfn.CEILING.MATH(J15/12) -> 3 | T15: Julio Rodríguez
A16: Rodriguez, Julio | B16: 0.6871629 | E16: =LEFT(A16, FIND(",", A16) - 1) -> Rodriguez | F16: =TRIM(MID(A16, FIND(",", A16) + 1, LEN(A16))) -> Julio | G16: =F16 & " " & E16 -> Julio Rodriguez | H16: =VLOOKUP(G16,ADP!$B$1:$K$646,3,FALSE) -> OF | I16: =B16 -> 0.6871629 | J16: =VLOOKUP(G16,ADP!$B$1:$K$646,4,FALSE) -> 10.6 | K16: =_xlfn.CEILING.MATH(J16/12) -> 1 | T16: Leody Taveras
A17: Wood, James | B17: 0.68579453 | E17: =LEFT(A17, FIND(",", A17) - 1) -> Wood | F17: =TRIM(MID(A17, FIND(",", A17) + 1, LEN(A17))) -> James | G17: =F17 & " " & E17 -> James Wood | H17: =VLOOKUP(G17,ADP!$B$1:$K$646,3,FALSE) -> OF/DH | I17: =B17 -> 0.68579453 | J17: =VLOOKUP(G17,ADP!$B$1:$K$646,4,FALSE) -> 33 | K17: =_xlfn.CEILING.MATH(J17/12) -> 3 | T17: Jesús Sánchez
A18: Langeliers, Shea | B18: 0.67310816 | E18: =LEFT(A18, FIND(",", A18) - 1) -> Langeliers | F18: =TRIM(MID(A18, FIND(",", A18) + 1, LEN(A18))) -> Shea | G18: =F18 & " " & E18 -> Shea Langeliers | H18: =VLOOKUP(G18,ADP!$B$1:$K$646,3,FALSE) -> C | I18: =B18 -> 0.67310816 | J18: =VLOOKUP(G18,ADP!$B$1:$K$646,4,FALSE) -> 54 | K18: =_xlfn.CEILING.MATH(J18/12) -> 5 | T18: Oneil Cruz
A19: Moniak, Mickey | B19: 0.664478 | E19: =LEFT(A19, FIND(",", A19) - 1) -> Moniak | F19: =TRIM(MID(A19, FIND(",", A19) + 1, LEN(A19))) -> Mickey | G19: =F19 & " " & E19 -> Mickey Moniak | H19: =VLOOKUP(G19,ADP!$B$1:$K$646,3,FALSE) -> OF | I19: =B19 -> 0.664478 | J19: =VLOOKUP(G19,ADP!$B$1:$K$646,4,FALSE) -> 252.6 | K19: =_xlfn.CEILING.MATH(J19/12) -> 22 | T19: Anthony Santander
A20: Devers, Rafael | B20: 0.6469967 | E20: =LEFT(A20, FIND(",", A20) - 1) -> Devers | F20: =TRIM(MID(A20, FIND(",", A20) + 1, LEN(A20))) -> Rafael | G20: =F20 & " " & E20 -> Rafael Devers | H20: =VLOOKUP(G20,ADP!$B$1:$K$646,3,FALSE) -> 1B/DH | I20: =B20 -> 0.6469967 | J20: =VLOOKUP(G20,ADP!$B$1:$K$646,4,FALSE) -> 55.5 | K20: =_xlfn.CEILING.MATH(J20/12) -> 5 | T20: Wyatt Langford
A21: Acuna Jr., Ronald | B21: 0.640605 | E21: =LEFT(A21, FIND(",", A21) - 1) -> Acuna Jr. | F21: =TRIM(MID(A21, FIND(",", A21) + 1, LEN(A21))) -> Ronald | G21: =F21 & " " & E21 -> Ronald Acuna Jr. | H21: =VLOOKUP(G21,ADP!$B$1:$K$646,3,FALSE) -> OF | I21: =B21 -> 0.640605 | J21: =VLOOKUP(G21,ADP!$B$1:$K$646,4,FALSE) -> 6.3 | K21: =_xlfn.CEILING.MATH(J21/12) -> 1 | T21: Kyle Schwarber
... A24: Bell, Josh | B24: 0.58078927 | E24: =LEFT(A24, FIND(",", A24) - 1) -> Bell | F24: =TRIM(MID(A24, FIND(",", A24) + 1, LEN(A24))) -> Josh | G24: =F24 & " " & E24 -> Josh Bell | H24: =VLOOKUP(G24,ADP!$B$1:$K$646,3,FALSE) -> 1B/DH | I24: =B24 -> 0.58078927 | J24: =VLOOKUP(G24,ADP!$B$1:$K$646,4,FALSE) -> 674.8 | K24: =_xlfn.CEILING.MATH(J24/12) -> 57 | T24: Sam Hilliard
A25: Stanton, Giancarlo | B25: 0.57851666 | E25: =LEFT(A25, FIND(",", A25) - 1) -> Stanton | F25: =TRIM(MID(A25, FIND(",", A25) + 1, LEN(A25))) -> Giancarlo | G25: =F25 & " " & E25 -> Giancarlo Stanton | H25: =VLOOKUP(G25,ADP!$B$1:$K$646,3,FALSE) -> OF/DH | I25: =B25 -> 0.57851666 | J25: =VLOOKUP(G25,ADP!$B$1:$K$646,4,FALSE) -> 251.9 | K25: =_xlfn.CEILING.MATH(J25/12) -> 21 | P25: come back make a new table with player, position, probability, and adp so we can sort with it | T25: Brenton Doyle
A26: Merrill, Jackson | B26: 0.5749441 | E26: =LEFT(A26, FIND(",", A26) - 1) -> Merrill | F26: =TRIM(MID(A26, FIND(",", A26) + 1, LEN(A26))) -> Jackson | G26: =F26 & " " & E26 -> Jackson Merrill | H26: =VLOOKUP(G26,ADP!$B$1:$K$646,3,FALSE) -> OF | I26: =B26 -> 0.5749441 | J26: =VLOOKUP(G26,ADP!$B$1:$K$646,4,FALSE) -> 70.8 | K26: =_xlfn.CEILING.MATH(J26/12) -> 6 | P26: goal will be to optimize for great season and adp | T26: Luis Robert Jr.
A27: Machado, Manny | B27: 0.5433981 | E27: =LEFT(A27, FIND(",", A27) - 1) -> Machado | F27: =TRIM(MID(A27, FIND(",", A27) + 1, LEN(A27))) -> Manny | G27: =F27 & " " & E27 -> Manny Machado | H27: =VLOOKUP(G27,ADP!$B$1:$K$646,3,FALSE) -> 3B | I27: =B27 -> 0.5433981 | J27: =VLOOKUP(G27,ADP!$B$1:$K$646,4,FALSE) -> 39.2 | K27: =_xlfn.CEILING.MATH(J27/12) -> 4 | T27: Brent Rooker Jr.
A28: Crow-Armstrong, Pete | B28: 0.5214958 | E28: =LEFT(A28, FIND(",", A28) - 1) -> Crow-Armstrong | F28: =TRIM(MID(A28, FIND(",", A28) + 1, LEN(A28))) -> Pete | G28: =F28 & " " & E28 -> Pete Crow-Armstrong | H28: =VLOOKUP(G28,ADP!$B$1:$K$646,3,FALSE) -> OF | I28: =B28 -> 0.5214958 | J28: =VLOOKUP(G28,ADP!$B$1:$K$646,4,FALSE) -> 31 | K28: =_xlfn.CEILING.MATH(J28/12) -> 3 | T28: Daulton Varsho
A29: Diaz, Yandy | B29: 0.50874186 | E29: =LEFT(A29, FIND(",", A29) - 1) -> Diaz | F29: =TRIM(MID(A29, FIND(",", A29) + 1, LEN(A29))) -> Yandy | G29: =F29 & " " & E29 -> Yandy Diaz | H29: =VLOOKUP(G29,ADP!$B$1:$K$646,3,FALSE) -> 1B/DH | I29: =B29 -> 0.50874186 | J29: =VLOOKUP(G29,ADP!$B$1:$K$646,4,FALSE) -> 134.8 | K29: =_xlfn.CEILING.MATH(J29/12) -> 12 | T29: Michael Conforto
A30: Aranda, Jonathan | B30: 0.50485957 | E30: =LEFT(A30, FIND(",", A30) - 1) -> Aranda | F30: =TRIM(MID(A30, FIND(",", A30) + 1, LEN(A30))) -> Jonathan | G30: =F30 & " " & E30 -> Jonathan Aranda | H30: =VLOOKUP(G30,ADP!$B$1:$K$646,3,FALSE) -> 1B | I30: =B30 -> 0.50485957 | J30: =VLOOKUP(G30,ADP!$B$1:$K$646,4,FALSE) -> 190.7 | K30: =_xlfn.CEILING.MATH(J30/12) -> 16 | T30: Lane Thomas
A31: Anthony, Roman | B31: 0.49944854 | E31: =LEFT(A31, FIND(",", A31) - 1) -> Anthony | F31: =TRIM(MID(A31, FIND(",", A31) + 1, LEN(A31))) -> Roman | G31: =F31 & " " & E31 -> Roman Anthony | H31: =VLOOKUP(G31,ADP!$B$1:$K$646,3,FALSE) -> OF | I31: =B31 -> 0.49944854 | J31: =VLOOKUP(G31,ADP!$B$1:$K$646,4,FALSE) -> 54.2 | K31: =_xlfn.CEILING.MATH(J31/12) -> 5 | T31: Jo Adell
A32: Story, Trevor | B32: 0.49921 | E32: =LEFT(A32, FIND(",", A32) - 1) -> Story | F32: =TRIM(MID(A32, FIND(",", A32) + 1, LEN(A32))) -> Trevor | G32: =F32 & " " & E32 -> Trevor Story | H32: =VLOOKUP(G32,ADP!$B$1:$K$646,3,FALSE) -> SS | I32: =B32 -> 0.49921 | J32: =VLOOKUP(G32,ADP!$B$1:$K$646,4,FALSE) -> 106 | K32: =_xlfn.CEILING.MATH(J32/12) -> 9 | T32: Trevor Larnach
A33: Kurtz, Nick | B33: 0.4951985 | E33: =LEFT(A33, FIND(",", A33) - 1) -> Kurtz | F33: =TRIM(MID(A33, FIND(",", A33) + 1, LEN(A33))) -> Nick | G33: =F33 & " " & E33 -> Nick Kurtz | H33: =VLOOKUP(G33,ADP!$B$1:$K$646,3,FALSE) -> 1B | I33: =B33 -> 0.4951985 | J33: =VLOOKUP(G33,ADP!$B$1:$K$646,4,FALSE) -> 17.1 | K33: =_xlfn.CEILING.MATH(J33/12) -> 2 | T33: Corbin Carroll
A34: Adell, Jo | B34: 0.49494833 | E34: =LEFT(A34, FIND(",", A34) - 1) -> Adell | F34: =TRIM(MID(A34, FIND(",", A34) + 1, LEN(A34))) -> Jo | G34: =F34 & " " & E34 -> Jo Adell | H34: =VLOOKUP(G34,ADP!$B$1:$K$646,3,FALSE) -> OF | I34: =B34 -> 0.49494833 | J34: =VLOOKUP(G34,ADP!$B$1:$K$646,4,FALSE) -> 122.2 | K34: =_xlfn.CEILING.MATH(J34/12) -> 11 | T34: Heliot Ramos
A35: Baldwin, Brooks | B35: 0.49043992 | E35: =LEFT(A35, FIND(",", A35) - 1) -> Baldwin | F35: =TRIM(MID(A35, FIND(",", A35) + 1, LEN(A35))) -> Brooks | G35: =F35 & " " & E35 -> Brooks Baldwin | H35: =VLOOKUP(G35,ADP!$B$1:$K$646,3,FALSE) -> #N/A | I35: =B35 -> 0.49043992 | J35: =VLOOKUP(G35,ADP!$B$1:$K$646,4,FALSE) -> #N/A | K35: =_xlfn.CEILING.MATH(J35/12) -> #N/A | T35: Parker Meadows
A36: Triolo, Jared | B36: 0.4868623 | E36: =LEFT(A36, FIND(",", A36) - 1) -> Triolo | F36: =TRIM(MID(A36, FIND(",", A36) + 1, LEN(A36))) -> Jared | G36: =F36 & " " & E36 -> Jared Triolo | H36: =VLOOKUP(G36,ADP!$B$1:$K$646,3,FALSE) -> 1B/3B/SS | I36: =B36 -> 0.4868623 | J36: =VLOOKUP(G36,ADP!$B$1:$K$646,4,FALSE) -> 740.2 | K36: =_xlfn.CEILING.MATH(J36/12) -> 62 | T36: Dylan Crews
A37: Grichuk, Randal | B37: 0.4846786 | E37: =LEFT(A37, FIND(",", A37) - 1) -> Grichuk | F37: =TRIM(MID(A37, FIND(",", A37) + 1, LEN(A37))) -> Randal | G37: =F37 & " " & E37 -> Randal Grichuk | H37: =VLOOKUP(G37,ADP!$B$1:$K$646,3,FALSE) -> #N/A | I37: =B37 -> 0.4846786 | J37: =VLOOKUP(G37,ADP!$B$1:$K$646,4,FALSE) -> #N/A | K37: =_xlfn.CEILING.MATH(J37/12) -> #N/A
A38: Springer, George | B38: 0.47824115 | E38: =LEFT(A38, FIND(",", A38) - 1) -> Springer | F38: =TRIM(MID(A38, FIND(",", A38) + 1, LEN(A38))) -> George | G38: =F38 & " " & E38 -> George Springer | H38: =VLOOKUP(G38,ADP!$B$1:$K$646,3,FALSE) -> OF/DH | I38: =B38 -> 0.47824115 | J38: =VLOOKUP(G38,ADP!$B$1:$K$646,4,FALSE) -> 94.7 | K38: =_xlfn.CEILING.MATH(J38/12) -> 8
A39: Robert Jr., Luis | B39: 0.43693897 | E39: =LEFT(A39, FIND(",", A39) - 1) -> Robert Jr. | F39: =TRIM(MID(A39, FIND(",", A39) + 1, LEN(A39))) -> Luis | G39: =F39 & " " & E39 -> Luis Robert Jr. | H39: =VLOOKUP(G39,ADP!$B$1:$K$646,3,FALSE) -> OF | I39: =B39 -> 0.43693897 | J39: =VLOOKUP(G39,ADP!$B$1:$K$646,4,FALSE) -> 104.7 | K39: =_xlfn.CEILING.MATH(J39/12) -> 9
A40: Ramirez, Agustin | B40: 0.42875287 | E40: =LEFT(A40, FIND(",", A40) - 1) -> Ramirez | F40: =TRIM(MID(A40, FIND(",", A40) + 1, LEN(A40))) -> Agustin | G40: =F40 & " " & E40 -> Agustin Ramirez | H40: =VLOOKUP(G40,ADP!$B$1:$K$646,3,FALSE) -> C/DH | I40: =B40 -> 0.42875287 | J40: =VLOOKUP(G40,ADP!$B$1:$K$646,4,FALSE) -> 82.7 | K40: =_xlfn.CEILING.MATH(J40/12) -> 7
A41: Benson, Will | B41: 0.41992894 | E41: =LEFT(A41, FIND(",", A41) - 1) -> Benson | F41: =TRIM(MID(A41, FIND(",", A41) + 1, LEN(A41))) -> Will | G41: =F41 & " " & E41 -> Will Benson | H41: =VLOOKUP(G41,ADP!$B$1:$K$646,3,FALSE) -> #N/A | I41: =B41 -> 0.41992894 | J41: =VLOOKUP(G41,ADP!$B$1:$K$646,4,FALSE) -> #N/A | K41: =_xlfn.CEILING.MATH(J41/12) -> #N/A
A42: Duran, Jarren | B42: 0.4189566 | E42: =LEFT(A42, FIND(",", A42) - 1) -> Duran | F42: =TRIM(MID(A42, FIND(",", A42) + 1, LEN(A42))) -> Jarren | G42: =F42 & " " & E42 -> Jarren Duran | H42: =VLOOKUP(G42,ADP!$B$1:$K$646,3,FALSE) -> OF | I42: =B42 -> 0.4189566 | J42: =VLOOKUP(G42,ADP!$B$1:$K$646,4,FALSE) -> 72.6 | K42: =_xlfn.CEILING.MATH(J42/12) -> 7
A43: Cruz, Oneil | B43: 0.412241 | E43: =LEFT(A43, FIND(",", A43) - 1) -> Cruz | F43: =TRIM(MID(A43, FIND(",", A43) + 1, LEN(A43))) -> Oneil | G43: =F43 & " " & E43 -> Oneil Cruz | H43: =VLOOKUP(G43,ADP!$B$1:$K$646,3,FALSE) -> OF | I43: =B43 -> 0.412241 | J43: =VLOOKUP(G43,ADP!$B$1:$K$646,4,FALSE) -> 94.1 | K43: =_xlfn.CEILING.MATH(J43/12) -> 8
A44: Laureano, Ramon | B44: 0.39798108 | E44: =LEFT(A44, FIND(",", A44) - 1) -> Laureano | F44: =TRIM(MID(A44, FIND(",", A44) + 1, LEN(A44))) -> Ramon | G44: =F44 & " " & E44 -> Ramon Laureano | H44: =VLOOKUP(G44,ADP!$B$1:$K$646,3,FALSE) -> OF | I44: =B44 -> 0.39798108 | J44: =VLOOKUP(G44,ADP!$B$1:$K$646,4,FALSE) -> 220.8 | K44: =_xlfn.CEILING.MATH(J44/12) -> 19
A45: Taylor, Tyrone | B45: 0.3957435 | E45: =LEFT(A45, FIND(",", A45) - 1) -> Taylor | F45: =TRIM(MID(A45, FIND(",", A45) + 1, LEN(A45))) -> Tyrone | G45: =F45 & " " & E45 -> Tyrone Taylor | H45: =VLOOKUP(G45,ADP!$B$1:$K$646,3,FALSE) -> #N/A | I45: =B45 -> 0.3957435 | J45: =VLOOKUP(G45,ADP!$B$1:$K$646,4,FALSE) -> #N/A | K45: =_xlfn.CEILING.MATH(J45/12) -> #N/A
A46: Barger, Addison | B46: 0.36898294 | E46: =LEFT(A46, FIND(",", A46) - 1) -> Barger | F46: =TRIM(MID(A46, FIND(",", A46) + 1, LEN(A46))) -> Addison | G46: =F46 & " " & E46 -> Addison Barger | H46: =VLOOKUP(G46,ADP!$B$1:$K$646,3,FALSE) -> 3B/OF | I46: =B46 -> 0.36898294 | J46: =VLOOKUP(G46,ADP!$B$1:$K$646,4,FALSE) -> 206.2 | K46: =_xlfn.CEILING.MATH(J46/12) -> 18
A47: Lowe, Brandon | B47: 0.36483404 | E47: =LEFT(A47, FIND(",", A47) - 1) -> Lowe | F47: =TRIM(MID(A47, FIND(",", A47) + 1, LEN(A47))) -> Brandon | G47: =F47 & " " & E47 -> Brandon Lowe | H47: =VLOOKUP(G47,ADP!$B$1:$K$646,3,FALSE) -> 2B | I47: =B47 -> 0.36483404 | J47: =VLOOKUP(G47,ADP!$B$1:$K$646,4,FALSE) -> 185.1 | K47: =_xlfn.CEILING.MATH(J47/12) -> 16
A48: Ramirez, Jose | B48: 0.35408595 | E48: =LEFT(A48, FIND(",", A48) - 1) -> Ramirez | F48: =TRIM(MID(A48, FIND(",", A48) + 1, LEN(A48))) -> Jose | G48: =F48 & " " & E48 -> Jose Ramirez | H48: =VLOOKUP(G48,ADP!$B$1:$K$646,3,FALSE) -> 3B/DH | I48: =B48 -> 0.35408595 | J48: =VLOOKUP(G48,ADP!$B$1:$K$646,4,FALSE) -> 5.8 | K48: =_xlfn.CEILING.MATH(J48/12) -> 1
... A168: Buxton, Byron | B168: 0.07508918 | E168: =LEFT(A168, FIND(",", A168) - 1) -> Buxton | F168: =TRIM(MID(A168, FIND(",", A168) + 1, LEN(A168))) -> Byron | G168: =F168 & " " & E168 -> Byron Buxton | H168: =VLOOKUP(G168,ADP!$B$1:$K$646,3,FALSE) -> OF | I168: =B168 -> 0.07508918 | J168: =VLOOKUP(G168,ADP!$B$1:$K$646,4,FALSE) -> 70.6 | K168: =_xlfn.CEILING.MATH(J168/12) -> 6

Sheet Pitcher_Tiers
A1: last_name, first_name | B1: Sum(great_season_probability) | F1: Name | G1: Position | H1: Sum(great_season_probability) | I1: ADP | J1: Round
A2: Sanchez, Cristopher | B2: 0.834039 | D2: =LEFT(A2, FIND(",", A2) - 1) -> Sanchez | E2: =TRIM(MID(A2, FIND(",", A2) + 1, LEN(A2))) -> Cristopher | F2: =E2 & " " & D2 -> Cristopher Sanchez | G2: =VLOOKUP(F2,ADP!$B$1:$K$646,3,FALSE) -> SP | H2: =B2 -> 0.834039 | I2: =VLOOKUP(F2,ADP!$B$1:$K$1549,4,FALSE) -> 26.4 | J2: =_xlfn.CEILING.MATH(I2/12) -> 3
A3: Sale, Chris | B3: 0.8066467 | D3: =LEFT(A3, FIND(",", A3) - 1) -> Sale | E3: =TRIM(MID(A3, FIND(",", A3) + 1, LEN(A3))) -> Chris | F3: =E3 & " " & D3 -> Chris Sale | G3: =VLOOKUP(F3,ADP!$B$1:$K$646,3,FALSE) -> SP | H3: =B3 -> 0.8066467 | I3: =VLOOKUP(F3,ADP!$B$1:$K$1082,4,FALSE) -> 38.7 | J3: =_xlfn.CEILING.MATH(I3/12) -> 4
A4: Skubal, Tarik | B4: 0.7353988 | D4: =LEFT(A4, FIND(",", A4) - 1) -> Skubal | E4: =TRIM(MID(A4, FIND(",", A4) + 1, LEN(A4))) -> Tarik | F4: =E4 & " " & D4 -> Tarik Skubal | G4: =VLOOKUP(F4,ADP!$B$1:$K$646,3,FALSE) -> SP | H4: =B4 -> 0.7353988 | I4: =VLOOKUP(F4,ADP!$B$1:$K$1082,4,FALSE) -> 6.9 | J4: =_xlfn.CEILING.MATH(I4/12) -> 1
A5: Lodolo, Nick | B5: 0.7336966 | D5: =LEFT(A5, FIND(",", A5) - 1) -> Lodolo | E5: =TRIM(MID(A5, FIND(",", A5) + 1, LEN(A5))) -> Nick | F5: =E5 & " " & D5 -> Nick Lodolo | G5: =VLOOKUP(F5,ADP!$B$1:$K$646,3,FALSE) -> SP | H5: =B5 -> 0.7336966 | I5: =VLOOKUP(F5,ADP!$B$1:$K$1082,4,FALSE) -> 128.6 | J5: =_xlfn.CEILING.MATH(I5/12) -> 11
A6: Gilbert, Logan | B6: 0.6581922 | D6: =LEFT(A6, FIND(",", A6) - 1) -> Gilbert | E6: =TRIM(MID(A6, FIND(",", A6) + 1, LEN(A6))) -> Logan | F6: =E6 & " " & D6 -> Logan Gilbert | G6: =VLOOKUP(F6,ADP!$B$1:$K$646,3,FALSE) -> SP | H6: =B6 -> 0.6581922 | I6: =VLOOKUP(F6,ADP!$B$1:$K$1082,4,FALSE) -> 33.6 | J6: =_xlfn.CEILING.MATH(I6/12) -> 3
A7: Suarez, Ranger | B7: 0.6535916 | D7: =LEFT(A7, FIND(",", A7) - 1) -> Suarez | E7: =TRIM(MID(A7, FIND(",", A7) + 1, LEN(A7))) -> Ranger | F7: =E7 & " " & D7 -> Ranger Suarez | G7: =VLOOKUP(F7,ADP!$B$1:$K$646,3,FALSE) -> SP | H7: =B7 -> 0.6535916 | I7: =VLOOKUP(F7,ADP!$B$1:$K$1082,4,FALSE) -> 175.9 | J7: =_xlfn.CEILING.MATH(I7/12) -> 15
A8: Imanaga, Shota | B8: 0.6528158 | D8: =LEFT(A8, FIND(",", A8) - 1) -> Imanaga | E8: =TRIM(MID(A8, FIND(",", A8) + 1, LEN(A8))) -> Shota | F8: =E8 & " " & D8 -> Shota Imanaga | G8: =VLOOKUP(F8,ADP!$B$1:$K$646,3,FALSE) -> SP | H8: =B8 -> 0.6528158 | I8: =VLOOKUP(F8,ADP!$B$1:$K$1082,4,FALSE) -> 174.7 | J8: =_xlfn.CEILING.MATH(I8/12) -> 15
A9: deGrom, Jacob | B9: 0.62830323 | D9: =LEFT(A9, FIND(",", A9) - 1) -> deGrom | E9: =TRIM(MID(A9, FIND(",", A9) + 1, LEN(A9))) -> Jacob | F9: =E9 & " " & D9 -> Jacob deGrom | G9: =VLOOKUP(F9,ADP!$B$1:$K$646,3,FALSE) -> SP | H9: =B9 -> 0.62830323 | I9: =VLOOKUP(F9,ADP!$B$1:$K$1082,4,FALSE) -> 47.1 | J9: =_xlfn.CEILING.MATH(I9/12) -> 4
A10: Bubic, Kris | B10: 0.60481995 | D10: =LEFT(A10, FIND(",", A10) - 1) -> Bubic | E10: =TRIM(MID(A10, FIND(",", A10) + 1, LEN(A10))) -> Kris | F10: =E10 & " " & D10 -> Kris Bubic | G10: =VLOOKUP(F10,ADP!$B$1:$K$646,3,FALSE) -> SP | H10: =B10 -> 0.60481995 | I10: =VLOOKUP(F10,ADP!$B$1:$K$1082,4,FALSE) -> 205.6 | J10: =_xlfn.CEILING.MATH(I10/12) -> 18
A11: Yamamoto, Yoshinobu | B11: 0.5722887 | D11: =LEFT(A11, FIND(",", A11) - 1) -> Yamamoto | E11: =TRIM(MID(A11, FIND(",", A11) + 1, LEN(A11))) -> Yoshinobu | F11: =E11 & " " & D11 -> Yoshinobu Yamamoto | G11: =VLOOKUP(F11,ADP!$B$1:$K$646,3,FALSE) -> SP | H11: =B11 -> 0.5722887 | I11: =VLOOKUP(F11,ADP!$B$1:$K$1082,4,FALSE) -> 27.7 | J11: =_xlfn.CEILING.MATH(I11/12) -> 3
A12: Schwellenbach, Spencer | B12: 0.5298607 | D12: =LEFT(A12, FIND(",", A12) - 1) -> Schwellenbach | E12: =TRIM(MID(A12, FIND(",", A12) + 1, LEN(A12))) -> Spencer | F12: =E12 & " " & D12 -> Spencer Schwellenbach | G12: =VLOOKUP(F12,ADP!$B$1:$K$646,3,FALSE) -> SP | H12: =B12 -> 0.5298607 | I12: =VLOOKUP(F12,ADP!$B$1:$K$1082,4,FALSE) -> 421.6 | J12: =_xlfn.CEILING.MATH(I12/12) -> 36
A13: Woo, Bryan | B13: 0.52285117 | D13: =LEFT(A13, FIND(",", A13) - 1) -> Woo | E13: =TRIM(MID(A13, FIND(",", A13) + 1, LEN(A13))) -> Bryan | F13: =E13 & " " & D13 -> Bryan Woo | G13: =VLOOKUP(F13,ADP!$B$1:$K$646,3,FALSE) -> SP | H13: =B13 -> 0.52285117 | I13: =VLOOKUP(F13,ADP!$B$1:$K$1082,4,FALSE) -> 38.2 | J13: =_xlfn.CEILING.MATH(I13/12) -> 4
A14: Skenes, Paul | B14: 0.47025585 | D14: =LEFT(A14, FIND(",", A14) - 1) -> Skenes | E14: =TRIM(MID(A14, FIND(",", A14) + 1, LEN(A14))) -> Paul | F14: =E14 & " " & D14 -> Paul Skenes | G14: =VLOOKUP(F14,ADP!$B$1:$K$646,3,FALSE) -> SP | H14: =B14 -> 0.47025585 | I14: =VLOOKUP(F14,ADP!$B$1:$K$1082,4,FALSE) -> 10.2 | J14: =_xlfn.CEILING.MATH(I14/12) -> 1
... A28: Horton, Cade | B28: 0.25958872 | D28: =LEFT(A28, FIND(",", A28) - 1) -> Horton | E28: =TRIM(MID(A28, FIND(",", A28) + 1, LEN(A28))) -> Cade | F28: =E28 & " " & D28 -> Cade Horton | G28: =VLOOKUP(F28,ADP!$B$1:$K$646,3,FALSE) -> SP | H28: =B28 -> 0.25958872 | I28: =VLOOKUP(F28,ADP!$B$1:$K$1082,4,FALSE) -> 193 | J28: =_xlfn.CEILING.MATH(I28/12) -> 17
A29: Brown, Ben | B29: 0.252659 | D29: =LEFT(A29, FIND(",", A29) - 1) -> Brown | E29: =TRIM(MID(A29, FIND(",", A29) + 1, LEN(A29))) -> Ben | F29: =E29 & " " & D29 -> Ben Brown | G29: SP | H29: =B29 -> 0.252659 | I29: =VLOOKUP(F29,ADP!$B$1:$K$1082,4,FALSE) -> 0 | J29: =_xlfn.CEILING.MATH(I29/12) -> 0
A30: Peralta, Freddy | B30: 0.22768252 | D30: =LEFT(A30, FIND(",", A30) - 1) -> Peralta | E30: =TRIM(MID(A30, FIND(",", A30) + 1, LEN(A30))) -> Freddy | F30: =E30 & " " & D30 -> Freddy Peralta | G30: =VLOOKUP(F30,ADP!$B$1:$K$646,3,FALSE) -> SP | H30: =B30 -> 0.22768252 | I30: =VLOOKUP(F30,ADP!$B$1:$K$1082,4,FALSE) -> 58.4 | J30: =_xlfn.CEILING.MATH(I30/12) -> 5
A31: Boyd, Matthew | B31: 0.22314149 | D31: =LEFT(A31, FIND(",", A31) - 1) -> Boyd | E31: =TRIM(MID(A31, FIND(",", A31) + 1, LEN(A31))) -> Matthew | F31: =E31 & " " & D31 -> Matthew Boyd | G31: =VLOOKUP(F31,ADP!$B$1:$K$646,3,FALSE) -> SP | H31: =B31 -> 0.22314149 | I31: =VLOOKUP(F31,ADP!$B$1:$K$1082,4,FALSE) -> 233.3 | J31: =_xlfn.CEILING.MATH(I31/12) -> 20
A32: Gallen, Zac | B32: 0.21010177 | D32: =LEFT(A32, FIND(",", A32) - 1) -> Gallen | E32: =TRIM(MID(A32, FIND(",", A32) + 1, LEN(A32))) -> Zac | F32: =E32 & " " & D32 -> Zac Gallen | G32: =VLOOKUP(F32,ADP!$B$1:$K$646,3,FALSE) -> SP | H32: =B32 -> 0.21010177 | I32: =VLOOKUP(F32,ADP!$B$1:$K$1082,4,FALSE) -> 226 | J32: =_xlfn.CEILING.MATH(I32/12) -> 19
A33: Kelly, Merrill | B33: 0.20669363 | D33: =LEFT(A33, FIND(",", A33) - 1) -> Kelly | E33: =TRIM(MID(A33, FIND(",", A33) + 1, LEN(A33))) -> Merrill | F33: =E33 & " " & D33 -> Merrill Kelly | G33: =VLOOKUP(F33,ADP!$B$1:$K$646,3,FALSE) -> SP | H33: =B33 -> 0.20669363 | I33: =VLOOKUP(F33,ADP!$B$1:$K$1082,4,FALSE) -> 242.2 | J33: =_xlfn.CEILING.MATH(I33/12) -> 21
A34: Senga, Kodai | B34: 0.19448388 | D34: =LEFT(A34, FIND(",", A34) - 1) -> Senga | E34: =TRIM(MID(A34, FIND(",", A34) + 1, LEN(A34))) -> Kodai | F34: =E34 & " " & D34 -> Kodai Senga | G34: =VLOOKUP(F34,ADP!$B$1:$K$646,3,FALSE) -> SP | H34: =B34 -> 0.19448388 | I34: =VLOOKUP(F34,ADP!$B$1:$K$1082,4,FALSE) -> 255.5 | J34: =_xlfn.CEILING.MATH(I34/12) -> 22
A35: Soriano, Jose | B35: 0.19081157 | D35: =LEFT(A35, FIND(",", A35) - 1) -> Soriano | E35: =TRIM(MID(A35, FIND(",", A35) + 1, LEN(A35))) -> Jose | F35: =E35 & " " & D35 -> Jose Soriano | G35: =VLOOKUP(F35,ADP!$B$1:$K$646,3,FALSE) -> SP | H35: =B35 -> 0.19081157 | I35: =VLOOKUP(F35,ADP!$B$1:$K$1082,4,FALSE) -> 371.4 | J35: =_xlfn.CEILING.MATH(I35/12) -> 31
A36: Pepiot, Ryan | B36: 0.17540014 | D36: =LEFT(A36, FIND(",", A36) - 1) -> Pepiot | E36: =TRIM(MID(A36, FIND(",", A36) + 1, LEN(A36))) -> Ryan | F36: =E36 & " " & D36 -> Ryan Pepiot | G36: =VLOOKUP(F36,ADP!$B$1:$K$646,3,FALSE) -> SP | H36: =B36 -> 0.17540014 | I36: =VLOOKUP(F36,ADP!$B$1:$K$1082,4,FALSE) -> 132 | J36: =_xlfn.CEILING.MATH(I36/12) -> 11
A37: Kremer, Dean | B37: 0.16272049 | D37: =LEFT(A37, FIND(",", A37) - 1) -> Kremer | E37: =TRIM(MID(A37, FIND(",", A37) + 1, LEN(A37))) -> Dean | F37: =E37 & " " & D37 -> Dean Kremer | G37: =VLOOKUP(F37,ADP!$B$1:$K$646,3,FALSE) -> SP | H37: =B37 -> 0.16272049 | I37: =VLOOKUP(F37,ADP!$B$1:$K$1082,4,FALSE) -> 0 | J37: =_xlfn.CEILING.MATH(I37/12) -> 0
A38: Mize, Casey | B38: 0.15414311 | D38: =LEFT(A38, FIND(",", A38) - 1) -> Mize | E38: =TRIM(MID(A38, FIND(",", A38) + 1, LEN(A38))) -> Casey | F38: =E38 & " " & D38 -> Casey Mize | G38: =VLOOKUP(F38,ADP!$B$1:$K$646,3,FALSE) -> SP | H38: =B38 -> 0.15414311 | I38: =VLOOKUP(F38,ADP!$B$1:$K$1082,4,FALSE) -> 279.2 | J38: =_xlfn.CEILING.MATH(I38/12) -> 24
A39: Holmes, Grant | B39: 0.15399468 | D39: =LEFT(A39, FIND(",", A39) - 1) -> Holmes | E39: =TRIM(MID(A39, FIND(",", A39) + 1, LEN(A39))) -> Grant | F39: =E39 & " " & D39 -> Grant Holmes | G39: =VLOOKUP(F39,ADP!$B$1:$K$646,3,FALSE) -> SP | H39: =B39 -> 0.15399468 | I39: =VLOOKUP(F39,ADP!$B$1:$K$1082,4,FALSE) -> 546.8 | J39: =_xlfn.CEILING.MATH(I39/12) -> 46
A40: Smith, Shane | B40: 0.14698155 | D40: =LEFT(A40, FIND(",", A40) - 1) -> Smith | E40: =TRIM(MID(A40, FIND(",", A40) + 1, LEN(A40))) -> Shane | F40: =E40 & " " & D40 -> Shane Smith | G40: =VLOOKUP(F40,ADP!$B$1:$K$646,3,FALSE) -> SP | H40: =B40 -> 0.14698155 | I40: =VLOOKUP(F40,ADP!$B$1:$K$1082,4,FALSE) -> 253.4 | J40: =_xlfn.CEILING.MATH(I40/12) -> 22
A41: Verlander, Justin | B41: 0.14428885 | D41: =LEFT(A41, FIND(",", A41) - 1) -> Verlander | E41: =TRIM(MID(A41, FIND(",", A41) + 1, LEN(A41))) -> Justin | F41: =E41 & " " & D41 -> Justin Verlander | G41: =VLOOKUP(F41,ADP!$B$1:$K$646,3,FALSE) -> SP | H41: =B41 -> 0.14428885 | I41: =VLOOKUP(F41,ADP!$B$1:$K$1082,4,FALSE) -> 708.9 | J41: =_xlfn.CEILING.MATH(I41/12) -> 60
... A45: Cameron, Noah | B45: 0.10356321 | D45: =LEFT(A45, FIND(",", A45) - 1) -> Cameron | E45: =TRIM(MID(A45, FIND(",", A45) + 1, LEN(A45))) -> Noah | F45: =E45 & " " & D45 -> Noah Cameron | G45: =VLOOKUP(F45,ADP!$B$1:$K$646,3,FALSE) -> SP | H45: =B45 -> 0.10356321 | I45: =VLOOKUP(F45,ADP!$B$1:$K$1082,4,FALSE) -> 266.7 | J45: =_xlfn.CEILING.MATH(I45/12) -> 23

Sheet ADP
A1: # | B1: Name | C1: Team | D1: POS | E1: ADP | F1: Roster% | G1: Start% | H1: PA | I1: IP | J1: Dollars | K1: Card | L1: Card
A2: 1 | B2: Shohei Ohtani | C2: LAD | D2: DH | E2: 1.3 | F2: 1 | G2: 1 | H2: 727 | J2: 42.5
A3: 2 | B3: Shohei Ohtani | C3: LAD | D3: SP | E3: 1.3 | F3: 1 | G3: 1 | I3: 47 | J3: 1
A4: 3 | B4: Aaron Judge | C4: NYY | D4: OF/DH | E4: 1.9 | F4: 1 | G4: 1 | H4: 679 | J4: 47.6
A5: 4 | B5: Bobby Witt Jr. | C5: KCR | D5: SS | E5: 2.9 | F5: 1 | G5: 1 | H5: 687 | J5: 30.6
A6: 5 | B6: Juan Soto | C6: NYM | D6: OF | E6: 4.5 | F6: 1 | G6: 1 | H6: 715 | J6: 37.6
A7: 6 | B7: Jose Ramirez | C7: CLE | D7: 3B/DH | E7: 5.8 | F7: 1 | G7: 1 | H7: 673 | J7: 32.3
A8: 7 | B8: Ronald Acuna Jr. | C8: ATL | D8: OF | E8: 6.3 | F8: 1 | G8: 1 | H8: 412 | J8: 7.6
A9: 8 | B9: Tarik Skubal | C9: DET | D9: SP | E9: 6.9 | F9: 1 | G9: 1 | I9: 195 | J9: 35.5
A10: 9 | B10: Elly De La Cruz | C10: CIN | D10: SS | E10: 8.5 | F10: 1 | G10: 1 | H10: 699 | J10: 24.8
A11: 10 | B11: Paul Skenes | C11: PIT | D11: SP | E11: 10.2 | F11: 1 | G11: 1 | I11: 187.1 | J11: 30.6
A12: 11 | B12: Julio Rodriguez | C12: SEA | D12: OF | E12: 10.6 | F12: 1 | G12: 1 | H12: 710 | J12: 28.8
A13: 12 | B13: Garrett Crochet | C13: BOS | D13: SP | E13: 11.4 | F13: 1 | G13: 1 | I13: 205 | J13: 32.8
A14: 13 | B14: Corbin Carroll | C14: ARI | D14: OF | E14: 12.2 | F14: 1 | G14: 0.86 | H14: 642 | J14: 26.1
A15: 14 | B15: Gunnar Henderson | C15: BAL | D15: SS | E15: 12.8 | F15: 1 | G15: 1 | H15: 651 | J15: 17.2
A16: 15 | B16: Kyle Tucker | C16: LAD | D16: OF | E16: 14.4 | F16: 1 | G16: 1 | H16: 597 | J16: 18.1
A17: 16 | B17: Fernando Tatis Jr. | C17: SDP | D17: OF | E17: 14.8 | F17: 1 | G17: 1 | H17: 691 | J17: 24.2
A18: 17 | B18: Junior Caminero | C18: TBR | D18: 3B | E18: 16.3 | F18: 1 | G18: 1 | H18: 653 | J18: 26
A19: 18 | B19: Nick Kurtz | C19: ATH | D19: 1B | E19: 17.1 | F19: 1 | G19: 1 | H19: 489 | J19: 20.1
A20: 19 | B20: Vladimir Guerrero Jr. | C20: TOR | D20: 1B/DH | E20: 18 | F20: 1 | G20: 0.98 | H20: 680 | J20: 19.4
A21: 20 | B21: Cal Raleigh | C21: SEA | D21: C/DH | E21: 18.5 | F21: 1 | G21: 1 | H21: 705 | J21: 44.5
A22: 21 | B22: Jackson Chourio | C22: MIL | D22: OF | E22: 19.6 | F22: 1 | G22: 1 | H22: 589 | J22: 17.6
A23: 22 | B23: Jazz Chisholm Jr. | C23: NYY | D23: 2B/3B | E23: 20.9 | F23: 1 | G23: 1 | H23: 531 | J23: 18.1
A24: 23 | B24: Francisco Lindor | C24: NYM | D24: SS | E24: 23.4 | F24: 1 | G24: 0.82 | H24: 732 | J24: 28.9
A25: 24 | B25: Kyle Schwarber | C25: PHI | D25: DH | E25: 24.5 | F25: 1 | G25: 1 | H25: 724 | J25: 32.4
A26: 25 | B26: Pete Alonso | C26: BAL | D26: 1B | E26: 25 | F26: 1 | G26: 1 | H26: 709 | J26: 24.9
A27: 26 | B27: Cristopher Sanchez | C27: PHI | D27: SP | E27: 26.4 | F27: 1 | G27: 1 | I27: 202 | J27: 25.4
A28: 27 | B28: Zach Neto | C28: LAA | D28: SS | E28: 26.4 | F28: 1 | G28: 1 | H28: 554 | J28: 14.9
A29: 28 | B29: Yoshinobu Yamamoto | C29: LAD | D29: SP | E29: 27.7 | F29: 1 | G29: 1 | I29: 173.1 | J29: 25.4
A30: 29 | B30: Trea Turner | C30: PHI | D30: SS | E30: 27.8 | F30: 1 | G30: 1 | H30: 639 | J30: 24.7
A31: 30 | B31: Mason Miller | C31: SDP | D31: RP | E31: 29 | F31: 1 | G31: 0.96 | I31: 61.1 | J31: 4.5
A32: 31 | B32: Pete Crow-Armstrong | C32: CHC | D32: OF | E32: 31 | F32: 1 | G32: 1 | H32: 647 | J32: 24.2
A33: 32 | B33: Ketel Marte | C33: ARI | D33: 2B/DH | E33: 32.6 | F33: 1 | G33: 1 | H33: 556 | J33: 15.6
A34: 33 | B34: James Wood | C34: WSN | D34: OF/DH | E34: 33 | F34: 1 | G34: 1 | H34: 689 | J34: 19.3
A35: 34 | B35: Edwin Díaz | C35: LAD | D35: RP | E35: 33.1 | F35: 1 | G35: 0.98 | I35: 66 | J35: 13.1
A36: 35 | B36: Logan Gilbert | C36: SEA | D36: SP | E36: 33.6 | F36: 1 | G36: 1 | I36: 131 | J36: 11.3
A37: 36 | B37: Yordan Alvarez | C37: HOU | D37: DH | E37: 35.1 | F37: 1 | G37: 1 | H37: 199 | J37: -13.4
A38: 37 | B38: Hunter Brown | C38: HOU | D38: SP | E38: 37.3 | F38: 1 | G38: 1 | I38: 185 | J38: 25.5
A39: 38 | B39: Bryan Woo | C39: SEA | D39: SP | E39: 38.2 | F39: 1 | G39: 1 | I39: 186.1 | J39: 27.3
A40: 39 | B40: Chris Sale | C40: ATL | D40: SP | E40: 38.7 | F40: 1 | G40: 1 | I40: 125.1 | J40: 14.6
A41: 40 | B41: Manny Machado | C41: SDP | D41: 3B | E41: 39.2 | F41: 1 | G41: 1 | H41: 678 | J41: 21.4
A42: 41 | B42: Andrés Muñoz | C42: SEA | D42: RP | E42: 40.6 | F42: 1 | G42: 1 | I42: 62 | J42: 10.1
A43: 42 | B43: Jhoan Duran | C43: PHI | D43: RP | E43: 40.6 | F43: 1 | G43: 0.98 | I43: 70 | J43: 10.2
A44: 43 | B44: Cade Smith | C44: CLE | D44: RP | E44: 40.8 | F44: 1 | G44: 1 | I44: 73.1 | J44: 6.9
A45: 44 | B45: Wyatt Langford | C45: TEX | D45: OF | E45: 41.2 | F45: 1 | G45: 1 | H45: 573 | J45: 9.3
A46: 45 | B46: Hunter Greene | C46: CIN | D46: SP | E46: 42.2 | F46: 1 | G46: 1 | I46: 107.1 | J46: 14
A47: 46 | B47: Cole Ragans | C47: KCR | D47: SP | E47: 45.4 | F47: 1 | G47: 1 | I47: 61.1 | J47: -0.8
A48: 47 | B48: Jacob deGrom | C48: TEX | D48: SP | E48: 47.1 | F48: 1 | G48: 1 | I48: 172.1 | J48: 23.5
A49: 48 | B49: Ben Rice | C49: NYY | D49: C/1B/DH | E49: 50.5 | F49: 1 | G49: 1 | H49: 530 | J49: 17.2
A50: 49 | B50: Bryce Harper | C50: PHI | D50: 1B | E50: 50.7 | F50: 1 | G50: 1 | H50: 580 | J50: 12.1
A51: 50 | B51: Matt Olson | C51: ATL | D51: 1B | E51: 50.9 | F51: 1 | G51: 0.98 | H51: 724 | J51: 18.9
A52: 51 | B52: Brent Rooker | C52: ATH | D52: OF/DH | E52: 51.7 | F52: 1 | G52: 1 | H52: 699 | J52: 17.5
A53: 52 | B53: Brice Turang | C53: MIL | D53: 2B | E53: 52.9 | F53: 1 | G53: 1 | H53: 659 | J53: 22.4
A54: 53 | B54: William Contreras | C54: MIL | D54: C/DH | E54: 53.3 | F54: 1 | G54: 1 | H54: 659 | J54: 20
A55: 54 | B55: Max Fried | C55: NYY | D55: SP | E55: 53.4 | F55: 1 | G55: 1 | I55: 195 | J55: 24.4
A56: 55 | B56: Shea Langeliers | C56: ATH | D56: C | E56: 54 | F56: 1 | G56: 1 | H56: 523 | J56: 23.6
A57: 56 | B57: Roman Anthony | C57: BOS | D57: OF | E57: 54.2 | F57: 1 | G57: 1 | H57: 303 | J57: -4
A58: 57 | B58: Rafael Devers | C58: SFG | D58: 1B/DH | E58: 55.5 | F58: 1 | G58: 1 | H58: 729 | J58: 19.8
A59: 58 | B59: Mookie Betts | C59: LAD | D59: SS | E59: 56 | F59: 1 | G59: 1 | H59: 663 | J59: 13.4
A60: 59 | B60: Freddy Peralta | C60: NYM | D60: SP | E60: 58.4 | F60: 1 | G60: 1 | I60: 176.1 | J60: 25.3
A61: 60 | B61: David Bednar | C61: NYY | D61: RP | E61: 59.8 | F61: 1 | G61: 1 | I61: 62.1 | J61: 8.1
A62: 61 | B62: CJ Abrams | C62: WSN | D62: SS | E62: 61.1 | F62: 1 | G62: 1 | H62: 635 | J62: 15.3
A63: 62 | B63: Aroldis Chapman | C63: BOS | D63: RP | E63: 62.2 | F63: 1 | G63: 1 | I63: 61 | J63: 15.2
A64: 63 | B64: Logan Webb | C64: SFG | D64: SP | E64: 62.7 | F64: 1 | G64: 1 | I64: 207 | J64: 15.4
A65: 64 | B65: Devin Williams | C65: NYM | D65: RP | E65: 63.3 | F65: 1 | G65: 1 | I65: 62 | J65: -2.6
A66: 65 | B66: Hunter Goodman | C66: COL | D66: C/DH | E66: 65 | F66: 1 | G66: 1 | H66: 579 | J66: 25.4
A67: 66 | B67: Josh Naylor | C67: SEA | D67: 1B/DH | E67: 65.2 | F67: 1 | G67: 1 | H67: 604 | J67: 24
A68: 67 | B68: Austin Riley | C68: ATL | D68: 3B | E68: 68.4 | F68: 1 | G68: 0.98 | H68: 447 | J68: -0.2
A69: 68 | B69: George Kirby | C69: SEA | D69: SP | E69: 69.4 | F69: 1 | G69: 1 | I69: 126 | J69: 4.7
A70: 69 | B70: Maikel Garcia | C70: KCR | D70: 3B | E70: 69.7 | F70: 1 | G70: 0.98 | H70: 666 | J70: 17.3
A71: 70 | B71: Freddie Freeman | C71: LAD | D71: 1B | E71: 70.2 | F71: 1 | G71: 0.98 | H71: 627 | J71: 18.4
A72: 71 | B72: Byron Buxton | C72: MIN | D72: OF | E72: 70.6 | F72: 1 | G72: 1 | H72: 542 | J72: 24.1
A73: 72 | B73: Kyle Bradish | C73: BAL | D73: SP | E73: 70.6 | F73: 1 | G73: 1 | I73: 32 | J73: 0.2
A74: 73 | B74: Jackson Merrill | C74: SDP | D74: OF | E74: 70.8 | F74: 1 | G74: 1 | H74: 483 | J74: 3.1
A75: 74 | B75: Jarren Duran | C75: BOS | D75: OF | E75: 72.6 | F75: 1 | G75: 1 | H75: 696 | J75: 15.4
A76: 75 | B76: Joe Ryan | C76: MIN | D76: SP | E76: 74.3 | F76: 1 | G76: 0.96 | I76: 171 | J76: 18.3
A77: 76 | B77: Jesus Luzardo | C77: PHI | D77: SP | E77: 74.5 | F77: 1 | G77: 1 | I77: 183.1 | J77: 11.2
A78: 77 | B78: Geraldo Perdomo | C78: ARI | D78: SS | E78: 78.1 | F78: 1 | G78: 1 | H78: 720 | J78: 27.2
A79: 78 | B79: Cody Bellinger | C79: NYY | D79: OF | E79: 78.1 | F79: 1 | G79: 1 | H79: 656 | J79: 21.7
A80: 79 | B80: Riley Greene | C80: DET | D80: OF/DH | E80: 78.6 | F80: 1 | G80: 1 | H80: 655 | J80: 19.8
A81: 80 | B81: Vinnie Pasquantino | C81: KCR | D81: 1B/DH | E81: 79.3 | F81: 1 | G81: 0.98 | H81: 682 | J81: 17.1
A82: 81 | B82: Dylan Cease | C82: TOR | D82: SP | E82: 79.8 | F82: 1 | G82: 1 | I82: 168 | J82: -1
A83: 82 | B83: Ryan Helsley | C83: BAL | D83: RP | E83: 82.5 | F83: 1 | G83: 1 | I83: 56 | J83: -7.6
A84: 83 | B84: Agustin Ramirez | C84: MIA | D84: C/DH | E84: 82.7 | F84: 1 | G84: 0.98 | H84: 585 | J84: 15.6
A85: 84 | B85: Eury Pérez | C85: MIA | D85: SP | E85: 84.7 | F85: 1 | G85: 1 | I85: 95 | J85: 4.5
A86: 85 | B86: Tyler Soderstrom | C86: ATH | D86: 1B/OF | E86: 86.6 | F86: 1 | G86: 0.98 | H86: 624 | J86: 16.5
A87: 86 | B87: Drake Baldwin | C87: ATL | D87: C | E87: 88.3 | F87: 1 | G87: 1 | H87: 446 | J87: 15.9
A88: 87 | B88: Randy Arozarena | C88: SEA | D88: OF | E88: 88.9 | F88: 1 | G88: 1 | H88: 709 | J88: 17.9
A89: 88 | B89: Framber Valdez | C89: DET | D89: SP | E89: 90 | F89: 1 | G89: 1 | I89: 192 | J89: 8.5
A90: 89 | B90: Josh Hader | C90: HOU | D90: RP | E90: 91.3 | F90: 1 | G90: 0.8 | I90: 52.1 | J90: 9.6
A91: 90 | B91: Nolan McLean | C91: NYM | D91: SP | E91: 92.4 | F91: 1 | G91: 1 | I91: 48 | J91: 5.3
A92: 91 | B92: Jeremy Pena | C92: HOU | D92: SS | E92: 92.4 | F92: 1 | G92: 0.96 | H92: 543 | J92: 14.6
A93: 92 | B93: Oneil Cruz | C93: PIT | D93: OF | E93: 94.1 | F93: 1 | G93: 1 | H93: 544 | J93: 5.9
A94: 93 | B94: Salvador Perez | C94: KCR | D94: C/1B/DH | E94: 94.3 | F94: 1 | G94: 1 | H94: 641 | J94: 16.7
A95: 94 | B95: George Springer | C95: TOR | D95: OF/DH | E95: 94.7 | F95: 1 | G95: 0.95 | H95: 586 | J95: 29.3
A96: 95 | B96: Carlos Estévez | C96: KCR | D96: RP | E96: 95 | F96: 1 | G96: 1 | I96: 66 | J96: 8.3
A97: 96 | B97: Nick Pivetta | C97: SDP | D97: SP | E97: 95.4 | F97: 1 | G97: 1 | I97: 181.1 | J97: 23.4
A98: 97 | B98: Seiya Suzuki | C98: CHC | D98: OF/DH | E98: 95.5 | F98: 1 | G98: 1 | H98: 651 | J98: 14.7
A99: 98 | B99: Raisel Iglesias | C99: ATL | D99: RP | E99: 95.9 | F99: 1 | G99: 0.96 | I99: 67 | J99: 4.8
A100: 99 | B100: Spencer Strider | C100: ATL | D100: SP | E100: 99 | F100: 1 | G100: 1 | I100: 125 | J100: -4.2
...
