Workbook

Sheet Ideal_Lineup
A1: Round | B1: First Pick | C1: Back Up | D1: Back Up 2
A2: 1 | B2: Aaron Judge | C2: Shohei Ohtani | D2: Juan Soto
A3: 2 | B3: Yordan Alvarez | C3: Rafael Devers | D3: Freddie Freeman
A4: 3 | B4: Ronald Acuna Jr | C4: Jackson Merrill | D4: Garrett Crochet | I4: Ideal Round | J4: High Round | K4: Low Round | L4: Target | M4: Reach | N4: Fallback | O4: Player Rater
A5: 4 | B5: Corey Seager | C5: Kyle Schwarber | D5: Wyatt Langford | H5: c | I5: 7 | J5: 6 | K5: 7 | L5: Salvador Perez | M5: William Contreras | N5: Wilson Contreras | O5: 16.6
A6: 5 | B6: Christian Walker | C6: George Kirby | D6: Brent Rooker Jr | H6: 1b | I6: 6 | J6: 2 | K6: 16 | L6: Christian Walker | M6: Vlad Guerrero Jr/Matt Olson | N6: Yandy Diaz | O6: 13.8
A7: 6 | B7: Salvador Perez | C7: Jordan Westburg | D7: Framber Valdez | H7: 2b | I7: 8 | J7: 7 | K7: 19 | L7: Jordan Westburg/Marcus Semien | M7: Jordan Westburg | N7: Bryson Stott/Brandon Lowe
A8: 7 | B8: Tyler Glasnow | C8: Shoto Imanaga | D8: Junior Caminero | H8: ss | I8: 4 | J8: 3 | K8: 15 | L8: Corey Seager | M8: Corey Seager | N8: Ezequiel Tovar/Bryson Stott/Masyn Winn
A9: 8 | B9: Matt McLain | C9: Bailey Ober | D9: Cal Raleigh | H9: 3b | I9: 3 | J9: 2 | K9: 10 | L9: Rafael Devers/Austin Riley | M9: Jose Ramirez | N9: Matt Chapman
A10: 9 | B10: Sonny Gray | C10: Max Fried | D10: Christian Yelich | H10: of | I10: 1 | J10: 1 | K10: 2 | L10: Juan Soto | M10: Aaron Judge | N10: Yordan Alvarez/Ronald Acuna Jr
A11: 10 | B11: Luis Garcia Jr | C11: Mike Trout | D11: Justin Steele | H11: of | I11: 2 | J11: 2 | K11: 4 | L11: Ronald Acuna/Jackson Merrill | M11: Yordan Alvarez | N11: Michael Harris/James Wood
A12: 11 | B12: Justin Steele | C12: Spencer Strider | D12: Jared Jones | H12: of | I12: 11 | J12: 4 | K12: 13 | L12: Mike Trout | M12: Michael Harris Jr | N12: Pete Crow-Armstrong
A13: 12 | B13: Pete Crow-Armstrong | C13: Matt Chapman | D13: Bryan Woo | H13: util | I13: 9 | J13: 5 | K13: 11 | L13: Anthony Santander | M13: Brent Rooker | N13: Matt Chapman
A14: 13 | B14: Reynaldo Lopez | C14: Pete Crow-Armstrong | D14: Cristoper Sanchez | H14: util | I14: 13 | J14: 11 | K14: 20 | L14: Pete Crow-Armstrong | M14: Matt Chapman | N14: Byron Buxton
A15: 14 | B15: Nathan Eovaldi | C15: Ryan Pepiot | D15: Yusei Kikuchi | H15: sp | I15: 5 | J15: 4 | K15: 8 | L15: George Kirby | M15: Blake Snell/Garrett Crochet | N15: Roki Sasaki/Hunter Greene
A16: 15 | B16: Yusei Kikuchi | C16: Taj Bradley | D16: Luis Gil | H16: sp | I16: 10 | J16: 9 | K16: 12 | L16: Justin Steele | M16: Hunter Greene/Sonny Gray | N16: Bryan Woo
A17: 16 | B17: Jordan Romano | C17: Taj Bradley | D17: Jackson Jobe | H17: rp | I17: 15 | J17: 12 | K17: 19 | L17: Kirby Yates | M17: Jeff Hoffman | N17: Griffin Jax
A18: 17 | B18: Yandy Diaz | C18: Nick Martinez | D18: Lane Thomas | H18: rp | I18: 18 | J18: 15 | K18: 20 | L18: Griffin Jax | M18: Kirby Yates | N18: Tommy Kahnle/Jason Adam/Griffin Jax
... A25: 24 | B25: Nick Lodolo | C25: Sam Hilliard | D25: Evan Phillips | H25: p | I25: 21 | J25: 19 | K25: 21 | L25: Grant Holmes | M25: Nick Martinez/Taj Bradley | N25: Ronel Blanco
H26: p | I26: 22 | J26: 20 | K26: 22 | L26: Jeremiah Estrada | M26: Grant Holmes | N26: Michael Wacha
H27: p | I27: 23 | J27: 21 | K27: 23 | L27: Dennis Santana | M27: Jeremiah Estrada | N27: Reed Garrett/Dedniel Nunez/Dennis Santana
L29: Also consider | M29: Luisangel Acuna, Roman Anthony, Jac Caglione
A31: Name | B31: Position | C31: Sum(great_season_probability) | D31: ADP | E31: Round | F31: BABIP_Expectation_Batter | G31: BABIP_Expectation_Pitcher
A32: Shohei Ohtani | B32: DH | C32: 0.92943645 | D32: 1.5 | E32: 1 | F32: Same | G32: #N/A
A33: Aaron Judge | B33: OF/DH | C33: 0.9162953 | D33: 3.4 | E33: 1 | F33: Regression | G33: #N/A
A34: Vladimir Guerrero Jr. | B34: 1B/DH | C34: 0.9117822 | D34: 14.4 | E34: 2 | F34: Regression | G34: #N/A
A35: Fernando Tatis Jr. | B35: OF | C35: 0.9117414 | D35: 10.6 | E35: 1 | F35: Regression | G35: #N/A
A36: Reed Garrett | B36: RP | C36: 0.9159347 | D36: #N/A | E36: #N/A | F36: #N/A | G36: #N/A
A37: Juan Soto | B37: OF | C37: 0.86973935 | D37: 7.8 | E37: 1 | F37: Regression | G37: #N/A
A38: Dedniel Nunez | B38: RP | C38: 0.898492 | D38: #N/A | E38: #N/A | F38: #N/A | G38: #N/A
A39: Yordan Alvarez | B39: OF/DH | C39: 0.8654861 | D39: 17.6 | E39: 2 | F39: Same | G39: #N/A
A40: Jake Cousins | B40: RP | C40: 0.8984478 | D40: #N/A | E40: #N/A | F40: #N/A | G40: #N/A
A41: Rafael Devers | B41: 3B | C41: 0.8580056 | D41: 34.8 | E41: 3 | F41: Same | G41: #N/A
A42: Tommy Kahnle | B42: RP | C42: 0.89481205 | D42: 240 | E42: 20 | F42: #N/A | G42: #N/A
A43: Griffin Jax | B43: RP | C43: 0.8824934 | D43: 239 | E43: 20 | F43: #N/A | G43: #N/A
A44: Austin Riley | B44: 3B | C44: 0.8494359 | D44: 29.5 | E44: 3 | F44: Same | G44: #N/A
A45: Ian Hamilton | B45: RP | C45: 0.8822293 | D45: #N/A | E45: #N/A | F45: #N/A | G45: #N/A
A46: Bobby Witt Jr. | B46: SS | C46: 0.84757924 | D46: 1.6 | E46: 1 | F46: Regression | G46: #N/A
A47: Jerar Encarnacion | B47: 1B/OF/DH | C47: 0.8275798 | D47: #N/A | E47: #N/A | F47: #N/A | G47: #N/A
A48: Ryan Helsley | B48: RP | C48: 0.87516254 | D48: 50.7 | E48: 5 | F48: #N/A | G48: #N/A
A49: Blake Snell | B49: SP | C49: 0.8413762 | D49: 40.6 | E49: 4 | F49: #N/A | G49: #N/A
A50: Paul Skenes | B50: SP | C50: 0.834039 | D50: 11.3 | E50: 1 | F50: #N/A | G50: #N/A
A51: Jeremiah Estrada | B51: RP | C51: 0.87516254 | D51: 254 | E51: 22 | F51: #N/A | G51: #N/A
A52: Dennis Santana | B52: RP | C52: 0.87165487 | D52: #N/A | E52: #N/A | F52: #N/A | G52: #N/A
A53: Corey Seager | B53: SS | C53: 0.75745606 | D53: 40 | E53: 4 | F53: Same | G53: #N/A
A54: Garrett Crochet | B54: SP | C54: 0.8066467 | D54: 24.8 | E54: 3 | F54: #N/A | G54: #N/A
A55: Mark Leiter Jr. | B55: RP | C55: 0.87133247 | D55: #N/A | E55: #N/A | F55: #N/A | G55: #N/A
A56: Matt Chapman | B56: 3B | C56: 0.7129335 | D56: 130.2 | E56: 11 | F56: Same | G56: #N/A
A57: Robbie Ray | B57: SP | C57: 0.8041675 | D57: 156.2 | E57: 14 | F57: #N/A | G57: #N/A
A58: Gunnar Henderson | B58: SS | C58: 0.65990394 | D58: 6.1 | E58: 1 | F58: Same | G58: #N/A
A59: Mike Trout | B59: OF | C59: 0.6587786 | D59: 124.5 | E59: 11 | F59: #N/A | G59: #N/A
A60: Giancarlo Stanton | B60: DH | C60: 0.6508743 | D60: 381.6 | E60: 32 | F60: Regression | G60: #N/A
A61: Jeff Hoffman | B61: RP | C61: 0.8692168 | D61: 128 | E61: 12 | F61: #N/A | G61: #N/A
A62: Jason Adam | B62: RP | C62: 0.8692168 | D62: 228 | E62: 20 | F62: #N/A | G62: #N/A
A63: Jackson Merrill | B63: OF | C63: 0.60806304 | D63: 25.6 | E63: 3 | F63: Same | G63: #N/A
A64: Christian Walker | B64: 1B | C64: 0.54935026 | D64: 95.3 | E64: 8 | F64: Regression | G64: #N/A
A65: Jordan Westburg | B65: 2B/3B | C65: 0.5130863 | D65: 90.5 | E65: 8 | F65: Same | G65: #N/A
A66: Bryan Woo | B66: SP | C66: 0.79037803 | D66: 139 | E66: 14 | F66: #N/A | G66: #N/A
A67: Matt Olson | B67: 1B | C67: 0.4927301 | D67: 38.7 | E67: 4 | F67: Same | G67: #N/A
A68: Andres Munoz | B68: RP | C68: 0.8662155 | D68: 87.3 | E68: 8 | F68: #N/A | G68: #N/A
A69: Byron Buxton | B69: OF | C69: 0.48360714 | D69: 240.7 | E69: 21 | F69: Regression | G69: #N/A
A70: Mason Miller | B70: RP | C70: 0.8650866 | D70: 44.1 | E70: 4 | F70: #N/A | G70: #N/A
A71: George Kirby | B71: SP | C71: 0.7353988 | D71: 45.8 | E71: 4 | F71: #N/A | G71: Same
A72: Cristopher Sánchez | B72: SP | C72: 0.7336966 | D72: 172.8 | E72: 15 | F72: #N/A | G72: Improve
A73: Pete Crow-Armstrong | B73: OF | C73: 0.48242712 | D73: 144.6 | E73: 13 | F73: #N/A | G73: #N/A
A74: Logan Gilbert | B74: SP | C74: 0.6581922 | D74: 26 | E74: 3 | F74: #N/A | G74: Regression
A75: Angel Chivilli | B75: RP | C75: 0.8632359 | D75: #N/A | E75: #N/A | F75: #N/A | G75: #N/A
A76: Grant Holmes | B76: SP/RP | C76: 0.8534889 | D76: 245 | E76: 21 | F76: #N/A | G76: #N/A
A77: Ketel Marte | B77: 2B/DH | C77: 0.47614032 | D77: 32.4 | E77: 3 | F77: Same | G77: #N/A
A78: Romy Gonzalez | B78: 1B/2B/SS | C78: 0.38101044 | D78: 645.8 | E78: 54 | F78: #N/A | G78: #N/A
A79: Michael Harris II | B79: OF | C79: 0.3799269 | D79: 37.9 | E79: 4 | F79: Improve | G79: #N/A
A80: Tarik Skubal | B80: SP | C80: 0.6535916 | D80: 13.8 | E80: 2 | F80: #N/A | G80: Regression
A81: Justin Steele | B81: SP | C81: 0.6528158 | D81: 121 | E81: 11 | F81: #N/A | G81: #N/A
A82: Kyle Tucker | B82: OF | C82: 0.3784005 | D82: 8.3 | E82: 1 | F82: Same | G82: #N/A
A83: Jackson Chourio | B83: OF | C83: 0.37210742 | D83: 16.6 | E83: 2 | F83: Same | G83: #N/A
A84: Matt Wallner | B84: OF | C84: 0.36942366 | D84: 239 | E84: 20 | F84: Regression | G84: #N/A
A85: Julio Rodríguez | B85: OF | C85: 0.34996724 | D85: 13.7 | E85: 2 | F85: Same | G85: #N/A
A86: Leody Taveras | B86: OF | C86: 0.34912145 | D86: 452 | E86: 38 | F86: #N/A | G86: #N/A
A87: Nick Martinez | B87: SP | C87: 0.62830323 | D87: 251 | E87: 21 | F87: #N/A | G87: #N/A
A88: Brandon Lowe | B88: 2B/DH | C88: 0.33452216 | D88: 232.8 | E88: 20 | F88: Same | G88: #N/A
A89: Jesús Sánchez | B89: OF | C89: 0.32095596 | D89: 233.9 | E89: 20 | F89: #N/A | G89: #N/A
A90: Hunter Greene | B90: SP | C90: 0.60481995 | D90: 95.8 | E90: 8 | F90: #N/A | G90: #N/A
A91: Marcus Semien | B91: 2B | C91: 0.31668463 | D91: 101.1 | E91: 9 | F91: Improve | G91: #N/A
A92: Dylan Cease | B92: SP | C92: 0.5722887 | D92: 46.3 | E92: 4 | F92: #N/A | G92: Regression
A93: Salvador Perez | B93: C/1B/DH | C93: 0.31409046 | D93: 74.3 | E93: 7 | F93: #N/A | G93: #N/A
A94: Max Fried | B94: SP | C94: 0.5298607 | D94: 99.4 | E94: 9 | F94: #N/A | G94: Same
A95: Reynaldo López | B95: SP | C95: 0.52285117 | D95: 165.5 | E95: 14 | F95: #N/A | G95: #N/A
A96: Jared Jones | B96: SP | C96: 0.47025585 | D96: 149 | E96: 13 | F96: #N/A | G96: #N/A
A97: Tyler Anderson | B97: SP | C97: 0.44297388 | D97: #N/A | E97: #N/A | F97: #N/A | G97: Regression
A98: Cole Ragans | B98: SP | C98: 0.42130622 | D98: 49.5 | E98: 5 | F98: #N/A | G98: Same
A99: Ronel Blanco | B99: SP | C99: 0.40907443 | D99: 246.3 | E99: 21 | F99: #N/A | G99: #N/A
A100: Manny Machado | B100: 3B/DH | C100: 0.2995941 | D100: 38.3 | E100: 4 | F100: Same | G100: #N/A
A101: Oneil Cruz | B101: SS/OF | C101: 0.29848033 | D101: 42.5 | E101: 4 | F101: Regression | G101: #N/A
A102: Sonny Gray | B102: SP | C102: 0.38718066 | D102: 109.9 | E102: 10 | F102: #N/A | G102: Same
A103: Marcell Ozuna | B103: DH | C103: 0.29585364 | D103: 71.5 | E103: 6 | F103: Regression | G103: #N/A
A104: James Wood | B104: OF | C104: 0.29177788 | D104: 56.4 | E104: 5 | F104: Same | G104: #N/A
A105: Nathan Eovaldi | B105: SP | C105: 0.3723135 | D105: 200.4 | E105: 17 | F105: #N/A | G105: Same
A106: Joe Jimenez | B106: RP | C106: 0.85112286 | D106: #N/A | E106: #N/A | F106: #N/A | G106: #N/A
A107: Junior Caminero | B107: 3B | C107: 0.29131645 | D107: #N/A | E107: #N/A | F107: #N/A | G107: #N/A
A108: Edmundo Sosa | B108: 2B/3B/SS | C108: 0.28288072 | D108: 519.8 | E108: 44 | F108: #N/A | G108: #N/A
...

Sheet Batter_Tiers
A1: Tier 1 | B1: Improve or Regress | C1: Great Season Prob | E1: last_name, first_name | F1: Sum(great_season_probability) | K1: Name | L1: Sum(great_season_probability) | M1: ADP | N1: Round | Q1: Watch List | R1: C | S1: 1B | T1: 2B | U1: 3B | V1: SS | W1: OF | X1: Util | Y1: SP | Z1: RP
A2: Aaron Judge | B2: Regress | C2: =VLOOKUP(A2,$K$1:$L$102,2,FALSE) -> 0.9162953 | E2: Ohtani, Shohei | F2: 0.92943645 | I2: {=_xlfn.TEXTSPLIT(E2,",")} -> Ohtani | J2: Shohei | K2: =REPLACE(_xlfn.CONCAT(J2," ",I2), 1, 1,"") -> Shohei Ohtani | L2: 0.92943645 | M2: =VLOOKUP(K2,ADP!$B$1:$N$646,4,FALSE) -> 1.5 | N2: =_xlfn.CEILING.MATH(M2/12) -> 1 | R2: Salvador Perez | S2: Christian Walker | T2: Jordan Westburg | U2: Rafael Devers | V2: Bobby Witt Jr. | W2: Aaron Judge | X2: Shohei Ohtani
E3: Judge, Aaron | F3: 0.9162953 | I3: {=_xlfn.TEXTSPLIT(E3,",")} -> Judge | J3: Aaron | K3: =REPLACE(_xlfn.CONCAT(J3," ",I3), 1, 1,"") -> Aaron Judge | L3: 0.9162953 | M3: =VLOOKUP(K3,ADP!$B$1:$N$646,4,FALSE) -> 3.4 | N3: =_xlfn.CEILING.MATH(M3/12) -> 1 | R3: William Contreras | S3: Matt Olson | T3: Ketel Marte | U3: Austin Riley | V3: Corey Seager | W3: Vladimir Guerrero Jr.
A4: Tier 2 | E4: Guerrero Jr., Vladimir | F4: 0.9117822 | I4: {=_xlfn.TEXTSPLIT(E4,",")} -> Guerrero Jr. | J4: Vladimir | K4: =REPLACE(_xlfn.CONCAT(J4," ",I4), 1, 1,"") -> Vladimir Guerrero Jr. | L4: 0.9117822 | M4: =VLOOKUP(K4,ADP!$B$1:$N$646,4,FALSE) -> 14.4 | N4: =_xlfn.CEILING.MATH(M4/12) -> 2 | R4: Wilson Contreras | S4: Tyler Soderstrom | T4: Brandon Lowe | U4: Matt Chapman | V4: Oneil Cruz | W4: Fernando Tatis Jr.
A5: Shohei Ohtani | B5: Same | C5: =VLOOKUP(A5,$K$1:$L$102,2,FALSE) -> 0.92943645 | E5: Tatis Jr., Fernando | F5: 0.9117414 | I5: {=_xlfn.TEXTSPLIT(E5,",")} -> Tatis Jr. | J5: Fernando | K5: =REPLACE(_xlfn.CONCAT(J5," ",I5), 1, 1,"") -> Fernando Tatis Jr. | L5: 0.9117414 | M5: =VLOOKUP(K5,ADP!$B$1:$N$646,4,FALSE) -> 10.6 | N5: =_xlfn.CEILING.MATH(M5/12) -> 1 | S5: Bryce Harper | T5: Marcus Semien | U5: Gunnar Henderson | V5: Francisco Lindor | W5: Juan Soto
E6: Soto, Juan | F6: 0.86973935 | I6: {=_xlfn.TEXTSPLIT(E6,",")} -> Soto | J6: Juan | K6: =REPLACE(_xlfn.CONCAT(J6," ",I6), 1, 1,"") -> Juan Soto | L6: 0.86973935 | M6: =VLOOKUP(K6,ADP!$B$1:$N$646,4,FALSE) -> 7.8 | N6: =_xlfn.CEILING.MATH(M6/12) -> 1 | S6: Pete Alonso | T6: Bryson Stott | U6: Manny Machado | V6: Ezequiel Tovar | W6: Yordan Alvarez
A7: Tier 3 | E7: Alvarez, Yordan | F7: 0.8654861 | I7: {=_xlfn.TEXTSPLIT(E7,",")} -> Alvarez | J7: Yordan | K7: =REPLACE(_xlfn.CONCAT(J7," ",I7), 1, 1,"") -> Yordan Alvarez | L7: 0.8654861 | M7: =VLOOKUP(K7,ADP!$B$1:$N$646,4,FALSE) -> 17.6 | N7: =_xlfn.CEILING.MATH(M7/12) -> 2 | S7: Luke Raley | T7: Mookie Betts | U7: Miguel Vargas | V7: Elly De La Cruz | W7: Mike Trout
A8: Yordan Alvarez | B8: Same | C8: =VLOOKUP(A8,$K$1:$L$102,2,FALSE) -> 0.8654861 | E8: Devers, Rafael | F8: 0.8580056 | I8: {=_xlfn.TEXTSPLIT(E8,",")} -> Devers | J8: Rafael | K8: =REPLACE(_xlfn.CONCAT(J8," ",I8), 1, 1,"") -> Rafael Devers | L8: 0.8580056 | M8: =VLOOKUP(K8,ADP!$B$1:$N$646,4,FALSE) -> 34.8 | N8: =_xlfn.CEILING.MATH(M8/12) -> 3 | S8: Yandy Díaz | U8: José Ramírez | V8: Masyn Winn | W8: Giancarlo Stanton
A9: Juan Soto | B9: Regress | C9: =VLOOKUP(A9,$K$1:$L$102,2,FALSE) -> 0.86973935 | E9: Riley, Austin | F9: 0.8494359 | I9: {=_xlfn.TEXTSPLIT(E9,",")} -> Riley | J9: Austin | K9: =REPLACE(_xlfn.CONCAT(J9," ",I9), 1, 1,"") -> Austin Riley | L9: 0.8494359 | M9: =VLOOKUP(K9,ADP!$B$1:$N$646,4,FALSE) -> 29.5 | N9: =_xlfn.CEILING.MATH(M9/12) -> 3 | V9: =REPLACE(_xlfn.CONCAT(U9," ",T9), 1, 1,"") | W9: Jackson Merrill
E10: Witt Jr., Bobby | F10: 0.84757924 | I10: {=_xlfn.TEXTSPLIT(E10,",")} -> Witt Jr. | J10: Bobby | K10: =REPLACE(_xlfn.CONCAT(J10," ",I10), 1, 1,"") -> Bobby Witt Jr. | L10: 0.84757924 | M10: =VLOOKUP(K10,ADP!$B$1:$N$646,4,FALSE) -> 1.6 | N10: =_xlfn.CEILING.MATH(M10/12) -> 1 | W10: Matt Olson
A11: Tier 4 | E11: Encarnacion, Jerar | F11: 0.8275798 | I11: {=_xlfn.TEXTSPLIT(E11,",")} -> Encarnacion | J11: Jerar | K11: =REPLACE(_xlfn.CONCAT(J11," ",I11), 1, 1,"") -> Jerar Encarnacion | L11: 0.8275798 | M11: =VLOOKUP(K11,ADP!$B$1:$N$646,4,FALSE) -> #N/A | N11: =_xlfn.CEILING.MATH(M11/12) -> #N/A | W11: Michael Harris II
A12: Bobby Witt Jr. | B12: Regress | C12: =VLOOKUP(A12,$K$1:$L$102,2,FALSE) -> 0.84757924 | E12: Seager, Corey | F12: 0.75745606 | I12: {=_xlfn.TEXTSPLIT(E12,",")} -> Seager | J12: Corey | K12: =REPLACE(_xlfn.CONCAT(J12," ",I12), 1, 1,"") -> Corey Seager | L12: 0.75745606 | M12: =VLOOKUP(K12,ADP!$B$1:$N$646,4,FALSE) -> 49.2 | N12: =_xlfn.CEILING.MATH(M12/12) -> 5 | W12: Kyle Tucker
A13: Brent Rooker | B13: Regress | C13: =VLOOKUP(A13,$K$1:$L$102,2,FALSE) -> 0.18024568 | E13: Chapman, Matt | F13: 0.7129335 | I13: {=_xlfn.TEXTSPLIT(E13,",")} -> Chapman | J13: Matt | K13: =REPLACE(_xlfn.CONCAT(J13," ",I13), 1, 1,"") -> Matt Chapman | L13: 0.7129335 | M13: =VLOOKUP(K13,ADP!$B$1:$N$646,4,FALSE) -> 130.2 | N13: =_xlfn.CEILING.MATH(M13/12) -> 11 | W13: Jackson Chourio
A14: Bryce Harper | B14: Same | C14: =VLOOKUP(A14,$K$1:$L$102,2,FALSE) -> 0.1963839 | E14: Henderson, Gunnar | F14: 0.65990394 | I14: {=_xlfn.TEXTSPLIT(E14,",")} -> Henderson | J14: Gunnar | K14: =REPLACE(_xlfn.CONCAT(J14," ",I14), 1, 1,"") -> Gunnar Henderson | L14: 0.65990394 | M14: =VLOOKUP(K14,ADP!$B$1:$N$646,4,FALSE) -> 6.1 | N14: =_xlfn.CEILING.MATH(M14/12) -> 1 | W14: Matt Wallner
A15: Freddie Freeman | B15: Improve | C15: =VLOOKUP(A15,$K$1:$L$102,2,FALSE) -> #N/A | E15: Trout, Mike | F15: 0.6587786 | I15: {=_xlfn.TEXTSPLIT(E15,",")} -> Trout | J15: Mike | K15: =REPLACE(_xlfn.CONCAT(J15," ",I15), 1, 1,"") -> Mike Trout | L15: 0.6587786 | M15: =VLOOKUP(K15,ADP!$B$1:$N$646,4,FALSE) -> #N/A | N15: =_xlfn.CEILING.MATH(M15/12) -> #N/A | W15: Julio Rodríguez
A16: Gunnar Henderson | B16: Same | C16: =VLOOKUP(A16,$K$1:$L$102,2,FALSE) -> 0.65990394 | E16: Stanton, Giancarlo | F16: 0.6508743 | I16: {=_xlfn.TEXTSPLIT(E16,",")} -> Stanton | J16: Giancarlo | K16: =REPLACE(_xlfn.CONCAT(J16," ",I16), 1, 1,"") -> Giancarlo Stanton | L16: 0.6508743 | M16: =VLOOKUP(K16,ADP!$B$1:$N$646,4,FALSE) -> 381.6 | N16: =_xlfn.CEILING.MATH(M16/12) -> 32 | W16: Leody Taveras
A17: Jose Altuve | B17: Same | C17: =VLOOKUP(A17,$K$1:$L$102,2,FALSE) -> #N/A | E17: Merrill, Jackson | F17: 0.60806304 | I17: {=_xlfn.TEXTSPLIT(E17,",")} -> Merrill | J17: Jackson | K17: =REPLACE(_xlfn.CONCAT(J17," ",I17), 1, 1,"") -> Jackson Merrill | L17: 0.60806304 | M17: =VLOOKUP(K17,ADP!$B$1:$N$646,4,FALSE) -> 25.6 | N17: =_xlfn.CEILING.MATH(M17/12) -> 3 | W17: Jesús Sánchez
A18: Kyle Tucker | B18: Same | C18: =VLOOKUP(A18,$K$1:$L$102,2,FALSE) -> 0.3784005 | E18: Walker, Christian | F18: 0.54935026 | I18: {=_xlfn.TEXTSPLIT(E18,",")} -> Walker | J18: Christian | K18: =REPLACE(_xlfn.CONCAT(J18," ",I18), 1, 1,"") -> Christian Walker | L18: 0.54935026 | M18: =VLOOKUP(K18,ADP!$B$1:$N$646,4,FALSE) -> 95.3 | N18: =_xlfn.CEILING.MATH(M18/12) -> 8 | W18: Oneil Cruz
A19: Matt Wallner | B19: Regress | C19: =VLOOKUP(A19,$K$1:$L$102,2,FALSE) -> 0.36942366 | E19: Westburg, Jordan | F19: 0.5130863 | I19: {=_xlfn.TEXTSPLIT(E19,",")} -> Westburg | J19: Jordan | K19: =REPLACE(_xlfn.CONCAT(J19," ",I19), 1, 1,"") -> Jordan Westburg | L19: 0.5130863 | M19: =VLOOKUP(K19,ADP!$B$1:$N$646,4,FALSE) -> 90.5 | N19: =_xlfn.CEILING.MATH(M19/12) -> 8 | W19: Anthony Santander
A20: Mookie Betts | B20: Same | C20: =VLOOKUP(A20,$K$1:$L$102,2,FALSE) -> 0.10150944 | E20: Olson, Matt | F20: 0.4927301 | I20: {=_xlfn.TEXTSPLIT(E20,",")} -> Olson | J20: Matt | K20: =REPLACE(_xlfn.CONCAT(J20," ",I20), 1, 1,"") -> Matt Olson | L20: 0.4927301 | M20: =VLOOKUP(K20,ADP!$B$1:$N$646,4,FALSE) -> 38.7 | N20: =_xlfn.CEILING.MATH(M20/12) -> 4 | W20: Wyatt Langford
A21: Ronald Acuna Jr | B21: Same | C21: =VLOOKUP(A21,$K$1:$L$102,2,FALSE) -> #N/A | E21: Buxton, Byron | F21: 0.48360714 | I21: {=_xlfn.TEXTSPLIT(E21,",")} -> Buxton | J21: Byron | K21: =REPLACE(_xlfn.CONCAT(J21," ",I21), 1, 1,"") -> Byron Buxton | L21: 0.48360714 | M21: =VLOOKUP(K21,ADP!$B$1:$N$646,4,FALSE) -> 240.7 | N21: =_xlfn.CEILING.MATH(M21/12) -> 21 | W21: Kyle Schwarber
E22: Crow-Armstrong, Pete | F22: 0.48242712 | I22: {=_xlfn.TEXTSPLIT(E22,",")} -> Crow-Armstrong | J22: Pete | K22: =REPLACE(_xlfn.CONCAT(J22," ",I22), 1, 1,"") -> Pete Crow-Armstrong | L22: 0.48242712 | M22: =VLOOKUP(K22,ADP!$B$1:$N$646,4,FALSE) -> 138.7 | N22: =_xlfn.CEILING.MATH(M22/12) -> 12 | W22: Christian Yelich
A23: Tier 5 | E23: Marte, Ketel | F23: 0.47614032 | I23: {=_xlfn.TEXTSPLIT(E23,",")} -> Marte | J23: Ketel | K23: =REPLACE(_xlfn.CONCAT(J23," ",I23), 1, 1,"") -> Ketel Marte | L23: 0.47614032 | M23: =VLOOKUP(K23,ADP!$B$1:$N$646,4,FALSE) -> 32.4 | N23: =_xlfn.CEILING.MATH(M23/12) -> 3 | W23: Lars Nootbaar
A24: Byron Buxton | B24: Regress | C24: =VLOOKUP(A24,$K$1:$L$102,2,FALSE) -> 0.48360714 | E24: Gonzalez, Romy | F24: 0.38101044 | I24: {=_xlfn.TEXTSPLIT(E24,",")} -> Gonzalez | J24: Romy | K24: =REPLACE(_xlfn.CONCAT(J24," ",I24), 1, 1,"") -> Romy Gonzalez | L24: 0.38101044 | M24: =VLOOKUP(K24,ADP!$B$1:$N$646,4,FALSE) -> 645.8 | N24: =_xlfn.CEILING.MATH(M24/12) -> 54 | W24: Sam Hilliard
A25: Corbin Carroll | B25: Improve | C25: =VLOOKUP(A25,$K$1:$L$102,2,FALSE) -> 0.12744358 | E25: Harris II, Michael | F25: 0.3799269 | I25: {=_xlfn.TEXTSPLIT(E25,",")} -> Harris II | J25: Michael | K25: =REPLACE(_xlfn.CONCAT(J25," ",I25), 1, 1,"") -> Michael Harris II | L25: 0.3799269 | M25: =VLOOKUP(K25,ADP!$B$1:$N$646,4,FALSE) -> 37.9 | N25: =_xlfn.CEILING.MATH(M25/12) -> 4 | S25: come back make a new table with player, position, probability, and adp so we can sort with it | W25: Brenton Doyle
A26: Corey Seager | B26: Same | C26: =VLOOKUP(A26,$K$1:$L$102,2,FALSE) -> 0.75745606 | E26: Tucker, Kyle | F26: 0.3784005 | I26: {=_xlfn.TEXTSPLIT(E26,",")} -> Tucker | J26: Kyle | K26: =REPLACE(_xlfn.CONCAT(J26," ",I26), 1, 1,"") -> Kyle Tucker | L26: 0.3784005 | M26: =VLOOKUP(K26,ADP!$B$1:$N$646,4,FALSE) -> 8.3 | N26: =_xlfn.CEILING.MATH(M26/12) -> 1 | S26: goal will be to optimize for great season and adp | W26: Luis Robert Jr.
A27: Francisco Lindor | B27: Same | C27: =VLOOKUP(A27,$K$1:$L$102,2,FALSE) -> 0.2826277 | E27: Chourio, Jackson | F27: 0.37210742 | I27: {=_xlfn.TEXTSPLIT(E27,",")} -> Chourio | J27: Jackson | K27: =REPLACE(_xlfn.CONCAT(J27," ",I27), 1, 1,"") -> Jackson Chourio | L27: 0.37210742 | M27: =VLOOKUP(K27,ADP!$B$1:$N$646,4,FALSE) -> 16.6 | N27: =_xlfn.CEILING.MATH(M27/12) -> 2 | W27: Brent Rooker Jr.
A28: Jackson Merrill | B28: Same | C28: =VLOOKUP(A28,$K$1:$L$102,2,FALSE) -> 0.60806304 | E28: Wallner, Matt | F28: 0.36942366 | I28: {=_xlfn.TEXTSPLIT(E28,",")} -> Wallner | J28: Matt | K28: =REPLACE(_xlfn.CONCAT(J28," ",I28), 1, 1,"") -> Matt Wallner | L28: 0.36942366 | M28: =VLOOKUP(K28,ADP!$B$1:$N$646,4,FALSE) -> 270.7 | N28: =_xlfn.CEILING.MATH(M28/12) -> 23 | W28: Daulton Varsho
A29: Joc Perderson | B29: Regress | C29: =VLOOKUP(A29,$K$1:$L$102,2,FALSE) -> #N/A | E29: Rodríguez, Julio | F29: 0.34996724 | I29: {=_xlfn.TEXTSPLIT(E29,",")} -> Rodríguez | J29: Julio | K29: =REPLACE(_xlfn.CONCAT(J29," ",I29), 1, 1,"") -> Julio Rodríguez | L29: 0.34996724 | M29: =VLOOKUP(K29,ADP!$B$1:$N$646,4,FALSE) -> 13.7 | N29: =_xlfn.CEILING.MATH(M29/12) -> 2 | W29: Michael Conforto
A30: Jose Ramirez | B30: Improve | C30: =VLOOKUP(A30,$K$1:$L$102,2,FALSE) -> #N/A | E30: Taveras, Leody | F30: 0.34912145 | I30: {=_xlfn.TEXTSPLIT(E30,",")} -> Taveras | J30: Leody | K30: =REPLACE(_xlfn.CONCAT(J30," ",I30), 1, 1,"") -> Leody Taveras | L30: 0.34912145 | M30: =VLOOKUP(K30,ADP!$B$1:$N$646,4,FALSE) -> 452 | N30: =_xlfn.CEILING.MATH(M30/12) -> 38 | W30: Lane Thomas
A31: Julio Rodriguez | B31: Sane | C31: =VLOOKUP(A31,$K$1:$L$102,2,FALSE) -> #N/A | E31: Lowe, Brandon | F31: 0.33452216 | I31: {=_xlfn.TEXTSPLIT(E31,",")} -> Lowe | J31: Brandon | K31: =REPLACE(_xlfn.CONCAT(J31," ",I31), 1, 1,"") -> Brandon Lowe | L31: 0.33452216 | M31: =VLOOKUP(K31,ADP!$B$1:$N$646,4,FALSE) -> 232.8 | N31: =_xlfn.CEILING.MATH(M31/12) -> 20 | W31: Jo Adell
A32: Kerry Carpenter | B32: Same | C32: =VLOOKUP(A32,$K$1:$L$102,2,FALSE) -> #N/A | E32: Sánchez, Jesús | F32: 0.32095596 | I32: {=_xlfn.TEXTSPLIT(E32,",")} -> Sánchez | J32: Jesús | K32: =REPLACE(_xlfn.CONCAT(J32," ",I32), 1, 1,"") -> Jesús Sánchez | L32: 0.32095596 | M32: =VLOOKUP(K32,ADP!$B$1:$N$646,4,FALSE) -> 233.9 | N32: =_xlfn.CEILING.MATH(M32/12) -> 20 | W32: Trevor Larnach
A33: Ketel Marte | B33: Same | C33: =VLOOKUP(A33,$K$1:$L$102,2,FALSE) -> 0.47614032 | E33: Semien, Marcus | F33: 0.31668463 | I33: {=_xlfn.TEXTSPLIT(E33,",")} -> Semien | J33: Marcus | K33: =REPLACE(_xlfn.CONCAT(J33," ",I33), 1, 1,"") -> Marcus Semien | L33: 0.31668463 | M33: =VLOOKUP(K33,ADP!$B$1:$N$646,4,FALSE) -> 101.1 | N33: =_xlfn.CEILING.MATH(M33/12) -> 9 | W33: Corbin Carroll
A34: Marcell Ozuna | B34: Regress | C34: =VLOOKUP(A34,$K$1:$L$102,2,FALSE) -> 0.29585364 | E34: Perez, Salvador | F34: 0.31409046 | I34: {=_xlfn.TEXTSPLIT(E34,",")} -> Perez | J34: Salvador | K34: =REPLACE(_xlfn.CONCAT(J34," ",I34), 1, 1,"") -> Salvador Perez | L34: 0.31409046 | M34: =VLOOKUP(K34,ADP!$B$1:$N$646,4,FALSE) -> 74.3 | N34: =_xlfn.CEILING.MATH(M34/12) -> 7 | W34: Heliot Ramos
A35: Tyler Fitzgerald | B35: Regress | C35: =VLOOKUP(A35,$K$1:$L$102,2,FALSE) -> #N/A | E35: Machado, Manny | F35: 0.2995941 | I35: {=_xlfn.TEXTSPLIT(E35,",")} -> Machado | J35: Manny | K35: =REPLACE(_xlfn.CONCAT(J35," ",I35), 1, 1,"") -> Manny Machado | L35: 0.2995941 | M35: =VLOOKUP(K35,ADP!$B$1:$N$646,4,FALSE) -> 38.3 | N35: =_xlfn.CEILING.MATH(M35/12) -> 4 | W35: Parker Meadows
A36: Vladimir Guerrero Jr. | B36: Regress | C36: =VLOOKUP(A36,$K$1:$L$102,2,FALSE) -> 0.9117822 | E36: Cruz, Oneil | F36: 0.29848033 | I36: {=_xlfn.TEXTSPLIT(E36,",")} -> Cruz | J36: Oneil | K36: =REPLACE(_xlfn.CONCAT(J36," ",I36), 1, 1,"") -> Oneil Cruz | L36: 0.29848033 | M36: =VLOOKUP(K36,ADP!$B$1:$N$646,4,FALSE) -> 42.5 | N36: =_xlfn.CEILING.MATH(M36/12) -> 4 | W36: Dylan Crews
A37: Xavier Edwards | B37: Same | C37: =VLOOKUP(A37,$K$1:$L$102,2,FALSE) -> #N/A | E37: Ozuna, Marcell | F37: 0.29585364 | I37: {=_xlfn.TEXTSPLIT(E37,",")} -> Ozuna | J37: Marcell | K37: =REPLACE(_xlfn.CONCAT(J37," ",I37), 1, 1,"") -> Marcell Ozuna | L37: 0.29585364 | M37: =VLOOKUP(K37,ADP!$B$1:$N$646,4,FALSE) -> 71.5 | N37: =_xlfn.CEILING.MATH(M37/12) -> 6
A38: Yandy Diaz | B38: Improve | C38: =VLOOKUP(A38,$K$1:$L$102,2,FALSE) -> #N/A | E38: Wood, James | F38: 0.29177788 | I38: {=_xlfn.TEXTSPLIT(E38,",")} -> Wood | J38: James | K38: =REPLACE(_xlfn.CONCAT(J38," ",I38), 1, 1,"") -> James Wood | L38: 0.29177788 | M38: =VLOOKUP(K38,ADP!$B$1:$N$646,4,FALSE) -> 56.4 | N38: =_xlfn.CEILING.MATH(M38/12) -> 5
E39: Caminero, Junior | F39: 0.29131645 | I39: {=_xlfn.TEXTSPLIT(E39,",")} -> Caminero | J39: Junior | K39: =REPLACE(_xlfn.CONCAT(J39," ",I39), 1, 1,"") -> Junior Caminero | L39: 0.29131645 | M39: =VLOOKUP(K39,ADP!$B$1:$N$646,4,FALSE) -> #N/A | N39: =_xlfn.CEILING.MATH(M39/12) -> #N/A
E40: Sosa, Edmundo | F40: 0.28288072 | I40: {=_xlfn.TEXTSPLIT(E40,",")} -> Sosa | J40: Edmundo | K40: =REPLACE(_xlfn.CONCAT(J40," ",I40), 1, 1,"") -> Edmundo Sosa | L40: 0.28288072 | M40: =VLOOKUP(K40,ADP!$B$1:$N$646,4,FALSE) -> 519.8 | N40: =_xlfn.CEILING.MATH(M40/12) -> 44
E41: Lindor, Francisco | F41: 0.2826277 | I41: {=_xlfn.TEXTSPLIT(E41,",")} -> Lindor | J41: Francisco | K41: =REPLACE(_xlfn.CONCAT(J41," ",I41), 1, 1,"") -> Francisco Lindor | L41: 0.2826277 | M41: =VLOOKUP(K41,ADP!$B$1:$N$646,4,FALSE) -> 15.2 | N41: =_xlfn.CEILING.MATH(M41/12) -> 2
E42: Grichuk, Randal | F42: 0.28084907 | I42: {=_xlfn.TEXTSPLIT(E42,",")} -> Grichuk | J42: Randal | K42: =REPLACE(_xlfn.CONCAT(J42," ",I42), 1, 1,"") -> Randal Grichuk | L42: 0.28084907 | M42: =VLOOKUP(K42,ADP!$B$1:$N$646,4,FALSE) -> 556.7 | N42: =_xlfn.CEILING.MATH(M42/12) -> 47
E43: Duran, Jarren | F43: 0.27815846 | I43: {=_xlfn.TEXTSPLIT(E43,",")} -> Duran | J43: Jarren | K43: =REPLACE(_xlfn.CONCAT(J43," ",I43), 1, 1,"") -> Jarren Duran | L43: 0.27815846 | M43: =VLOOKUP(K43,ADP!$B$1:$N$646,4,FALSE) -> 21.1 | N43: =_xlfn.CEILING.MATH(M43/12) -> 2
E44: Nido, Tomás | F44: 0.27546075 | I44: {=_xlfn.TEXTSPLIT(E44,",")} -> Nido | J44: Tomás | K44: =REPLACE(_xlfn.CONCAT(J44," ",I44), 1, 1,"") -> Tomás Nido | L44: 0.27546075 | M44: =VLOOKUP(K44,ADP!$B$1:$N$646,4,FALSE) -> #N/A | N44: =_xlfn.CEILING.MATH(M44/12) -> #N/A
E45: Santander, Anthony | F45: 0.25792983 | I45: {=_xlfn.TEXTSPLIT(E45,",")} -> Santander | J45: Anthony | K45: =REPLACE(_xlfn.CONCAT(J45," ",I45), 1, 1,"") -> Anthony Santander | L45: 0.25792983 | M45: =VLOOKUP(K45,ADP!$B$1:$N$646,4,FALSE) -> 102.4 | N45: =_xlfn.CEILING.MATH(M45/12) -> 9
E46: Melendez Jr., MJ | F46: 0.25737128 | I46: {=_xlfn.TEXTSPLIT(E46,",")} -> Melendez Jr. | J46: MJ | K46: =REPLACE(_xlfn.CONCAT(J46," ",I46), 1, 1,"") -> MJ Melendez Jr. | L46: 0.25737128 | M46: =VLOOKUP(K46,ADP!$B$1:$N$646,4,FALSE) -> #N/A | N46: =_xlfn.CEILING.MATH(M46/12) -> #N/A
E47: Langford, Wyatt | F47: 0.25652167 | I47: {=_xlfn.TEXTSPLIT(E47,",")} -> Langford | J47: Wyatt | K47: =REPLACE(_xlfn.CONCAT(J47," ",I47), 1, 1,"") -> Wyatt Langford | L47: 0.25652167 | M47: =VLOOKUP(K47,ADP!$B$1:$N$646,4,FALSE) -> 44.2 | N47: =_xlfn.CEILING.MATH(M47/12) -> 4
E48: Schwarber, Kyle | F48: 0.2555714 | I48: {=_xlfn.TEXTSPLIT(E48,",")} -> Schwarber | J48: Kyle | K48: =REPLACE(_xlfn.CONCAT(J48," ",I48), 1, 1,"") -> Kyle Schwarber | L48: 0.2555714 | M48: =VLOOKUP(K48,ADP!$B$1:$N$646,4,FALSE) -> 77.7 | N48: =_xlfn.CEILING.MATH(M48/12) -> 7
E49: Contreras, William | F49: 0.2359875 | I49: {=_xlfn.TEXTSPLIT(E49,",")} -> Contreras | J49: William | K49: =REPLACE(_xlfn.CONCAT(J49," ",I49), 1, 1,"") -> William Contreras | L49: 0.2359875 | M49: =VLOOKUP(K49,ADP!$B$1:$N$646,4,FALSE) -> 24.1 | N49: =_xlfn.CEILING.MATH(M49/12) -> 3
E50: Yelich, Christian | F50: 0.22138526 | I50: {=_xlfn.TEXTSPLIT(E50,",")} -> Yelich | J50: Christian | K50: =REPLACE(_xlfn.CONCAT(J50," ",I50), 1, 1,"") -> Christian Yelich | L50: 0.22138526 | M50: =VLOOKUP(K50,ADP!$B$1:$N$646,4,FALSE) -> 120.3 | N50: =_xlfn.CEILING.MATH(M50/12) -> 11
... E102: Merrifield, Whit | F102: 0.07513961 | I102: {=_xlfn.TEXTSPLIT(E102,",")} -> Merrifield | J102: Whit | K102: =REPLACE(_xlfn.CONCAT(J102," ",I102), 1, 1,"") -> Whit Merrifield | L102: 0.07513961 | M102: =VLOOKUP(K102,ADP!$B$1:$N$646,4,FALSE) -> 741 | N102: =_xlfn.CEILING.MATH(M102/12) -> 62

Sheet Pitcher_Tiers
A1: last_name, first_name | B1: Sum(great_season_probability) | J1: Name | K1: Sum(great_season_probability) | L1: ADP | M1: Round
A2: Skenes, Paul | B2: 0.834039 | C2: {=_xlfn.TEXTSPLIT(A2,",")} -> Skenes | D2: Paul | E2: =REPLACE(_xlfn.CONCAT(D2," ",C2), 1, 1,"") -> Paul Skenes | G2: =VLOOKUP(E2,ADP!$B$1:$N$181,4,FALSE) -> 11.3 | J2: Paul Skenes | K2: 0.834039 | L2: 11.3 | M2: =_xlfn.CEILING.MATH(L2/12) -> 1
A3: Crochet, Garrett | B3: 0.8066467 | C3: {=_xlfn.TEXTSPLIT(A3,",")} -> Crochet | D3: Garrett | E3: =REPLACE(_xlfn.CONCAT(D3," ",C3), 1, 1,"") -> Garrett Crochet | G3: =VLOOKUP(E3,ADP!$B$1:$N$181,4,FALSE) -> 24.8 | J3: Garrett Crochet | K3: 0.8066467 | L3: 24.8 | M3: =_xlfn.CEILING.MATH(L3/12) -> 3
A4: Kirby, George | B4: 0.7353988 | C4: {=_xlfn.TEXTSPLIT(A4,",")} -> Kirby | D4: George | E4: =REPLACE(_xlfn.CONCAT(D4," ",C4), 1, 1,"") -> George Kirby | G4: =VLOOKUP(E4,ADP!$B$1:$N$181,4,FALSE) -> 45.8 | J4: George Kirby | K4: 0.7353988 | L4: 45.8 | M4: =_xlfn.CEILING.MATH(L4/12) -> 4
A5: Sánchez, Cristopher | B5: 0.7336966 | C5: {=_xlfn.TEXTSPLIT(A5,",")} -> Sánchez | D5: Cristopher | E5: =REPLACE(_xlfn.CONCAT(D5," ",C5), 1, 1,"") -> Cristopher Sánchez | G5: =VLOOKUP(E5,ADP!$B$1:$N$181,4,FALSE) -> 172.8 | J5: Cristopher Sánchez | K5: 0.7336966 | L5: 172.8 | M5: =_xlfn.CEILING.MATH(L5/12) -> 15
A6: Gilbert, Logan | B6: 0.6581922 | C6: {=_xlfn.TEXTSPLIT(A6,",")} -> Gilbert | D6: Logan | E6: =REPLACE(_xlfn.CONCAT(D6," ",C6), 1, 1,"") -> Logan Gilbert | G6: =VLOOKUP(E6,ADP!$B$1:$N$181,4,FALSE) -> 26 | J6: Logan Gilbert | K6: 0.6581922 | L6: 26 | M6: =_xlfn.CEILING.MATH(L6/12) -> 3
A7: Skubal, Tarik | B7: 0.6535916 | C7: {=_xlfn.TEXTSPLIT(A7,",")} -> Skubal | D7: Tarik | E7: =REPLACE(_xlfn.CONCAT(D7," ",C7), 1, 1,"") -> Tarik Skubal | G7: =VLOOKUP(E7,ADP!$B$1:$N$181,4,FALSE) -> 13.8 | J7: Tarik Skubal | K7: 0.6535916 | L7: 13.8 | M7: =_xlfn.CEILING.MATH(L7/12) -> 2
A8: Steele, Justin | B8: 0.6528158 | C8: {=_xlfn.TEXTSPLIT(A8,",")} -> Steele | D8: Justin | E8: =REPLACE(_xlfn.CONCAT(D8," ",C8), 1, 1,"") -> Justin Steele | G8: =VLOOKUP(E8,ADP!$B$1:$N$181,4,FALSE) -> 121 | J8: Justin Steele | K8: 0.6528158 | L8: 121 | M8: =_xlfn.CEILING.MATH(L8/12) -> 11
A9: Martinez, Nick | B9: 0.62830323 | C9: {=_xlfn.TEXTSPLIT(A9,",")} -> Martinez | D9: Nick | E9: =REPLACE(_xlfn.CONCAT(D9," ",C9), 1, 1,"") -> Nick Martinez | G9: =VLOOKUP(E9,ADP!$B$1:$N$181,4,FALSE) -> 337 | J9: Nick Martinez | K9: 0.62830323 | L9: 337 | M9: =_xlfn.CEILING.MATH(L9/12) -> 29
A10: Greene, Hunter | B10: 0.60481995 | C10: {=_xlfn.TEXTSPLIT(A10,",")} -> Greene | D10: Hunter | E10: =REPLACE(_xlfn.CONCAT(D10," ",C10), 1, 1,"") -> Hunter Greene | G10: =VLOOKUP(E10,ADP!$B$1:$N$181,4,FALSE) -> 95.8 | J10: Hunter Greene | K10: 0.60481995 | L10: 95.8 | M10: =_xlfn.CEILING.MATH(L10/12) -> 8
A11: Cease, Dylan | B11: 0.5722887 | C11: {=_xlfn.TEXTSPLIT(A11,",")} -> Cease | D11: Dylan | E11: =REPLACE(_xlfn.CONCAT(D11," ",C11), 1, 1,"") -> Dylan Cease | G11: =VLOOKUP(E11,ADP!$B$1:$N$181,4,FALSE) -> 46.3 | J11: Dylan Cease | K11: 0.5722887 | L11: 46.3 | M11: =_xlfn.CEILING.MATH(L11/12) -> 4
A12: Fried, Max | B12: 0.5298607 | C12: {=_xlfn.TEXTSPLIT(A12,",")} -> Fried | D12: Max | E12: =REPLACE(_xlfn.CONCAT(D12," ",C12), 1, 1,"") -> Max Fried | G12: =VLOOKUP(E12,ADP!$B$1:$N$181,4,FALSE) -> 99.4 | J12: Max Fried | K12: 0.5298607 | L12: 99.4 | M12: =_xlfn.CEILING.MATH(L12/12) -> 9
A13: López, Reynaldo | B13: 0.52285117 | C13: {=_xlfn.TEXTSPLIT(A13,",")} -> López | D13: Reynaldo | E13: =REPLACE(_xlfn.CONCAT(D13," ",C13), 1, 1,"") -> Reynaldo López | G13: =VLOOKUP(E13,ADP!$B$1:$N$181,4,FALSE) -> 165.5 | J13: Reynaldo López | K13: 0.52285117 | L13: 165.5 | M13: =_xlfn.CEILING.MATH(L13/12) -> 14
A14: Jones, Jared | B14: 0.47025585 | C14: {=_xlfn.TEXTSPLIT(A14,",")} -> Jones | D14: Jared | E14: =REPLACE(_xlfn.CONCAT(D14," ",C14), 1, 1,"") -> Jared Jones | G14: =VLOOKUP(E14,ADP!$B$1:$N$181,4,FALSE) -> #N/A | J14: Jared Jones | K14: 0.47025585 | L14: #N/A | M14: =_xlfn.CEILING.MATH(L14/12) -> #N/A
A15: Anderson, Tyler | B15: 0.44297388 | C15: {=_xlfn.TEXTSPLIT(A15,",")} -> Anderson | D15: Tyler | E15: =REPLACE(_xlfn.CONCAT(D15," ",C15), 1, 1,"") -> Tyler Anderson | G15: =VLOOKUP(E15,ADP!$B$1:$N$181,4,FALSE) -> #N/A | J15: Tyler Anderson | K15: 0.44297388 | L15: #N/A | M15: =_xlfn.CEILING.MATH(L15/12) -> #N/A
A16: Ragans, Cole | B16: 0.42130622 | C16: {=_xlfn.TEXTSPLIT(A16,",")} -> Ragans | D16: Cole | E16: =REPLACE(_xlfn.CONCAT(D16," ",C16), 1, 1,"") -> Cole Ragans | G16: =VLOOKUP(E16,ADP!$B$1:$N$181,4,FALSE) -> 49.5 | J16: Cole Ragans | K16: 0.42130622 | L16: 49.5 | M16: =_xlfn.CEILING.MATH(L16/12) -> 5
A17: Blanco, Ronel | B17: 0.40907443 | C17: {=_xlfn.TEXTSPLIT(A17,",")} -> Blanco | D17: Ronel | E17: =REPLACE(_xlfn.CONCAT(D17," ",C17), 1, 1,"") -> Ronel Blanco | G17: =VLOOKUP(E17,ADP!$B$1:$N$181,4,FALSE) -> 246.3 | J17: Ronel Blanco | K17: 0.40907443 | L17: 246.3 | M17: =_xlfn.CEILING.MATH(L17/12) -> 21
A18: Gray, Sonny | B18: 0.38718066 | C18: {=_xlfn.TEXTSPLIT(A18,",")} -> Gray | D18: Sonny | E18: =REPLACE(_xlfn.CONCAT(D18," ",C18), 1, 1,"") -> Sonny Gray | G18: =VLOOKUP(E18,ADP!$B$1:$N$181,4,FALSE) -> 109.9 | J18: Sonny Gray | K18: 0.38718066 | L18: 109.9 | M18: =_xlfn.CEILING.MATH(L18/12) -> 10
A19: Eovaldi, Nathan | B19: 0.3723135 | C19: {=_xlfn.TEXTSPLIT(A19,",")} -> Eovaldi | D19: Nathan | E19: =REPLACE(_xlfn.CONCAT(D19," ",C19), 1, 1,"") -> Nathan Eovaldi | G19: =VLOOKUP(E19,ADP!$B$1:$N$181,4,FALSE) -> 200.4 | J19: Nathan Eovaldi | K19: 0.3723135 | L19: 200.4 | M19: =_xlfn.CEILING.MATH(L19/12) -> 17
A20: Burnes, Corbin | B20: 0.3411315 | C20: {=_xlfn.TEXTSPLIT(A20,",")} -> Burnes | D20: Corbin | E20: =REPLACE(_xlfn.CONCAT(D20," ",C20), 1, 1,"") -> Corbin Burnes | G20: =VLOOKUP(E20,ADP!$B$1:$N$181,4,FALSE) -> 38.9 | J20: Corbin Burnes | K20: 0.3411315 | L20: 38.9 | M20: =_xlfn.CEILING.MATH(L20/12) -> 4
A21: Brown, Hunter | B21: 0.33580303 | C21: {=_xlfn.TEXTSPLIT(A21,",")} -> Brown | D21: Hunter | E21: =REPLACE(_xlfn.CONCAT(D21," ",C21), 1, 1,"") -> Hunter Brown | G21: =VLOOKUP(E21,ADP!$B$1:$N$181,4,FALSE) -> 98 | J21: Hunter Brown | K21: 0.33580303 | L21: 98 | M21: =_xlfn.CEILING.MATH(L21/12) -> 9
A22: Valdez, Framber | B22: 0.30962187 | C22: {=_xlfn.TEXTSPLIT(A22,",")} -> Valdez | D22: Framber | E22: =REPLACE(_xlfn.CONCAT(D22," ",C22), 1, 1,"") -> Framber Valdez | G22: =VLOOKUP(E22,ADP!$B$1:$N$181,4,FALSE) -> 61.3 | J22: Framber Valdez | K22: 0.30962187 | L22: 61.3 | M22: =_xlfn.CEILING.MATH(L22/12) -> 6
A23: Bradley, Taj | B23: 0.30158094 | C23: {=_xlfn.TEXTSPLIT(A23,",")} -> Bradley | D23: Taj | E23: =REPLACE(_xlfn.CONCAT(D23," ",C23), 1, 1,"") -> Taj Bradley | G23: =VLOOKUP(E23,ADP!$B$1:$N$181,4,FALSE) -> #N/A | J23: Taj Bradley | K23: 0.30158094 | L23: #N/A | M23: =_xlfn.CEILING.MATH(L23/12) -> #N/A
A24: Wheeler, Zack | B24: 0.28649575 | C24: {=_xlfn.TEXTSPLIT(A24,",")} -> Wheeler | D24: Zack | E24: =REPLACE(_xlfn.CONCAT(D24," ",C24), 1, 1,"") -> Zack Wheeler | G24: =VLOOKUP(E24,ADP!$B$1:$N$181,4,FALSE) -> 21.1 | J24: Zack Wheeler | K24: 0.28649575 | L24: 21.1 | M24: =_xlfn.CEILING.MATH(L24/12) -> 2
A25: Pfaadt, Brandon | B25: 0.28205168 | C25: {=_xlfn.TEXTSPLIT(A25,",")} -> Pfaadt | D25: Brandon | E25: =REPLACE(_xlfn.CONCAT(D25," ",C25), 1, 1,"") -> Brandon Pfaadt | G25: =VLOOKUP(E25,ADP!$B$1:$N$181,4,FALSE) -> #N/A | J25: Brandon Pfaadt | K25: 0.28205168 | L25: #N/A | M25: =_xlfn.CEILING.MATH(L25/12) -> #N/A
A26: Stone, Gavin | B26: 0.27405342 | C26: {=_xlfn.TEXTSPLIT(A26,",")} -> Stone | D26: Gavin | E26: =REPLACE(_xlfn.CONCAT(D26," ",C26), 1, 1,"") -> Gavin Stone | G26: =VLOOKUP(E26,ADP!$B$1:$N$181,4,FALSE) -> #N/A | J26: Gavin Stone | K26: 0.27405342 | L26: #N/A | M26: =_xlfn.CEILING.MATH(L26/12) -> #N/A
A27: Ryan, Joe | B27: 0.2700745 | C27: {=_xlfn.TEXTSPLIT(A27,",")} -> Ryan | D27: Joe | E27: =REPLACE(_xlfn.CONCAT(D27," ",C27), 1, 1,"") -> Joe Ryan | G27: =VLOOKUP(E27,ADP!$B$1:$N$181,4,FALSE) -> 92.2 | J27: Joe Ryan | K27: 0.2700745 | L27: 92.2 | M27: =_xlfn.CEILING.MATH(L27/12) -> 8
A28: Montgomery, Jordan | B28: 0.25958872 | C28: {=_xlfn.TEXTSPLIT(A28,",")} -> Montgomery | D28: Jordan | E28: =REPLACE(_xlfn.CONCAT(D28," ",C28), 1, 1,"") -> Jordan Montgomery | G28: =VLOOKUP(E28,ADP!$B$1:$N$181,4,FALSE) -> #N/A | J28: Jordan Montgomery | K28: 0.25958872 | L28: #N/A | M28: =_xlfn.CEILING.MATH(L28/12) -> #N/A
A29: Imanaga, Shota | B29: 0.252659 | C29: {=_xlfn.TEXTSPLIT(A29,",")} -> Imanaga | D29: Shota | E29: =REPLACE(_xlfn.CONCAT(D29," ",C29), 1, 1,"") -> Shota Imanaga | G29: =VLOOKUP(E29,ADP!$B$1:$N$181,4,FALSE) -> 77.3 | J29: Shota Imanaga | K29: 0.252659 | L29: 77.3 | M29: =_xlfn.CEILING.MATH(L29/12) -> 7
A30: Castillo, Luis | B30: 0.22768252 | C30: {=_xlfn.TEXTSPLIT(A30,",")} -> Castillo | D30: Luis | E30: =REPLACE(_xlfn.CONCAT(D30," ",C30), 1, 1,"") -> Luis Castillo | G30: =VLOOKUP(E30,ADP!$B$1:$N$181,4,FALSE) -> 95.3 | J30: Luis Castillo | K30: 0.22768252 | L30: 95.3 | M30: =_xlfn.CEILING.MATH(L30/12) -> 8
A31: Pepiot, Ryan | B31: 0.22512558 | C31: {=_xlfn.TEXTSPLIT(A31,",")} -> Pepiot | D31: Ryan | E31: =REPLACE(_xlfn.CONCAT(D31," ",C31), 1, 1,"") -> Ryan Pepiot | G31: =VLOOKUP(E31,ADP!$B$1:$N$181,4,FALSE) -> 166.3 | J31: Ryan Pepiot | K31: 0.22512558 | L31: 166.3 | M31: =_xlfn.CEILING.MATH(L31/12) -> 14
A32: Rodón, Carlos | B32: 0.22314149 | C32: {=_xlfn.TEXTSPLIT(A32,",")} -> Rodón | D32: Carlos | E32: =REPLACE(_xlfn.CONCAT(D32," ",C32), 1, 1,"") -> Carlos Rodón | G32: =VLOOKUP(E32,ADP!$B$1:$N$181,4,FALSE) -> 129.2 | J32: Carlos Rodón | K32: 0.22314149 | L32: 129.2 | M32: =_xlfn.CEILING.MATH(L32/12) -> 11
A33: Glasnow, Tyler | B33: 0.2144415 | C33: {=_xlfn.TEXTSPLIT(A33,",")} -> Glasnow | D33: Tyler | E33: =REPLACE(_xlfn.CONCAT(D33," ",C33), 1, 1,"") -> Tyler Glasnow | G33: =VLOOKUP(E33,ADP!$B$1:$N$181,4,FALSE) -> 98.4 | J33: Tyler Glasnow | K33: 0.2144415 | L33: 98.4 | M33: =_xlfn.CEILING.MATH(L33/12) -> 9
A34: Sale, Chris | B34: 0.21010177 | C34: {=_xlfn.TEXTSPLIT(A34,",")} -> Sale | D34: Chris | E34: =REPLACE(_xlfn.CONCAT(D34," ",C34), 1, 1,"") -> Chris Sale | G34: =VLOOKUP(E34,ADP!$B$1:$N$181,4,FALSE) -> 37.3 | J34: Chris Sale | K34: 0.21010177 | L34: 37.3 | M34: =_xlfn.CEILING.MATH(L34/12) -> 4
A35: Suárez, Ranger | B35: 0.20669363 | C35: {=_xlfn.TEXTSPLIT(A35,",")} -> Suárez | D35: Ranger | E35: =REPLACE(_xlfn.CONCAT(D35," ",C35), 1, 1,"") -> Ranger Suárez | G35: =VLOOKUP(E35,ADP!$B$1:$N$181,4,FALSE) -> 263.3 | J35: Ranger Suárez | K35: 0.20669363 | L35: 263.3 | M35: =_xlfn.CEILING.MATH(L35/12) -> 22
A36: Wacha, Michael | B36: 0.19448388 | C36: {=_xlfn.TEXTSPLIT(A36,",")} -> Wacha | D36: Michael | E36: =REPLACE(_xlfn.CONCAT(D36," ",C36), 1, 1,"") -> Michael Wacha | G36: =VLOOKUP(E36,ADP!$B$1:$N$181,4,FALSE) -> 279.7 | J36: Michael Wacha | K36: 0.19448388 | L36: 279.7 | M36: =_xlfn.CEILING.MATH(L36/12) -> 24
A37: Kikuchi, Yusei | B37: 0.19081157 | C37: {=_xlfn.TEXTSPLIT(A37,",")} -> Kikuchi | D37: Yusei | E37: =REPLACE(_xlfn.CONCAT(D37," ",C37), 1, 1,"") -> Yusei Kikuchi | G37: =VLOOKUP(E37,ADP!$B$1:$N$181,4,FALSE) -> #N/A | J37: Yusei Kikuchi | K37: 0.19081157 | L37: #N/A | M37: =_xlfn.CEILING.MATH(L37/12) -> #N/A
A38: Bibee, Tanner | B38: 0.17540014 | C38: {=_xlfn.TEXTSPLIT(A38,",")} -> Bibee | D38: Tanner | E38: =REPLACE(_xlfn.CONCAT(D38," ",C38), 1, 1,"") -> Tanner Bibee | G38: =VLOOKUP(E38,ADP!$B$1:$N$181,4,FALSE) -> 88.7 | J38: Tanner Bibee | K38: 0.17540014 | L38: 88.7 | M38: =_xlfn.CEILING.MATH(L38/12) -> 8
A39: Gore, MacKenzie | B39: 0.16272049 | C39: {=_xlfn.TEXTSPLIT(A39,",")} -> Gore | D39: MacKenzie | E39: =REPLACE(_xlfn.CONCAT(D39," ",C39), 1, 1,"") -> MacKenzie Gore | G39: =VLOOKUP(E39,ADP!$B$1:$N$181,4,FALSE) -> #N/A | J39: MacKenzie Gore | K39: 0.16272049 | L39: #N/A | M39: =_xlfn.CEILING.MATH(L39/12) -> #N/A
A40: Bello, Brayan | B40: 0.15414311 | C40: {=_xlfn.TEXTSPLIT(A40,",")} -> Bello | D40: Brayan | E40: =REPLACE(_xlfn.CONCAT(D40," ",C40), 1, 1,"") -> Brayan Bello | G40: =VLOOKUP(E40,ADP!$B$1:$N$181,4,FALSE) -> #N/A | J40: Brayan Bello | K40: 0.15414311 | L40: #N/A | M40: =_xlfn.CEILING.MATH(L40/12) -> #N/A
A41: Peralta, Freddy | B41: 0.15399468 | C41: {=_xlfn.TEXTSPLIT(A41,",")} -> Peralta | D41: Freddy | E41: =REPLACE(_xlfn.CONCAT(D41," ",C41), 1, 1,"") -> Freddy Peralta | G41: =VLOOKUP(E41,ADP!$B$1:$N$181,4,FALSE) -> 98.4 | J41: Freddy Peralta | K41: 0.15399468 | L41: 98.4 | M41: =_xlfn.CEILING.MATH(L41/12) -> 9
A42: Gibson, Kyle | B42: 0.14698155 | C42: {=_xlfn.TEXTSPLIT(A42,",")} -> Gibson | D42: Kyle | E42: =REPLACE(_xlfn.CONCAT(D42," ",C42), 1, 1,"") -> Kyle Gibson | G42: =VLOOKUP(E42,ADP!$B$1:$N$181,4,FALSE) -> #N/A | J42: Kyle Gibson | K42: 0.14698155 | L42: #N/A | M42: =_xlfn.CEILING.MATH(L42/12) -> #N/A
A43: Suárez, Albert | B43: 0.14428885 | C43: {=_xlfn.TEXTSPLIT(A43,",")} -> Suárez | D43: Albert | E43: =REPLACE(_xlfn.CONCAT(D43," ",C43), 1, 1,"") -> Albert Suárez | G43: =VLOOKUP(E43,ADP!$B$1:$N$181,4,FALSE) -> #N/A | J43: Albert Suárez | K43: 0.14428885 | L43: #N/A | M43: =_xlfn.CEILING.MATH(L43/12) -> #N/A
A44: Morton, Charlie | B44: 0.13740563 | C44: {=_xlfn.TEXTSPLIT(A44,",")} -> Morton | D44: Charlie | E44: =REPLACE(_xlfn.CONCAT(D44," ",C44), 1, 1,"") -> Charlie Morton | G44: =VLOOKUP(E44,ADP!$B$1:$N$181,4,FALSE) -> #N/A | J44: Charlie Morton | K44: 0.13740563 | L44: #N/A | M44: =_xlfn.CEILING.MATH(L44/12) -> #N/A
A45: López, Pablo | B45: 0.12240211 | C45: {=_xlfn.TEXTSPLIT(A45,",")} -> López | D45: Pablo | E45: =REPLACE(_xlfn.CONCAT(D45," ",C45), 1, 1,"") -> Pablo López | G45: =VLOOKUP(E45,ADP!$B$1:$N$181,4,FALSE) -> 66.8 | J45: Pablo López | K45: 0.12240211 | L45: 66.8 | M45: =_xlfn.CEILING.MATH(L45/12) -> 6
A46: Flaherty, Jack | B46: 0.10947341 | C46: {=_xlfn.TEXTSPLIT(A46,",")} -> Flaherty | D46: Jack | E46: =REPLACE(_xlfn.CONCAT(D46," ",C46), 1, 1,"") -> Jack Flaherty | G46: =VLOOKUP(E46,ADP!$B$1:$N$181,4,FALSE) -> 136.8 | J46: Jack Flaherty | K46: 0.10947341 | L46: 136.8 | M46: =_xlfn.CEILING.MATH(L46/12) -> 12
A47: Crawford, Kutter | B47: 0.10356321 | C47: {=_xlfn.TEXTSPLIT(A47,",")} -> Crawford | D47: Kutter | E47: =REPLACE(_xlfn.CONCAT(D47," ",C47), 1, 1,"") -> Kutter Crawford | G47: =VLOOKUP(E47,ADP!$B$1:$N$181,4,FALSE) -> #N/A | J47: Kutter Crawford | K47: 0.10356321 | L47: #N/A | M47: =_xlfn.CEILING.MATH(L47/12) -> #N/A
A48: Garrett, Reed | B48: 0.9159347 | C48: {=_xlfn.TEXTSPLIT(A48,",")} -> Garrett | D48: Reed | E48: =REPLACE(_xlfn.CONCAT(D48," ",C48), 1, 1,"") -> Reed Garrett | G48: =VLOOKUP(E48,ADP!$B$1:$N$181,4,FALSE) -> #N/A | J48: Reed Garrett | K48: 0.9159347 | L48: #N/A | M48: =_xlfn.CEILING.MATH(L48/12) -> #N/A
A49: NÃºÃ±ez, Dedniel | B49: 0.898492 | C49: {=_xlfn.TEXTSPLIT(A49,",")} -> NÃºÃ±ez | D49: Dedniel | E49: =REPLACE(_xlfn.CONCAT(D49," ",C49), 1, 1,"") -> Dedniel NÃºÃ±ez | G49: =VLOOKUP(E49,ADP!$B$1:$N$181,4,FALSE) -> #N/A | J49: Dedniel NÃºÃ±ez | K49: 0.898492 | L49: #N/A | M49: =_xlfn.CEILING.MATH(L49/12) -> #N/A
A50: Cousins, Jake | B50: 0.8984478 | C50: {=_xlfn.TEXTSPLIT(A50,",")} -> Cousins | D50: Jake | E50: =REPLACE(_xlfn.CONCAT(D50," ",C50), 1, 1,"") -> Jake Cousins | G50: =VLOOKUP(E50,ADP!$B$1:$N$181,4,FALSE) -> #N/A | J50: Jake Cousins | K50: 0.8984478 | L50: #N/A | M50: =_xlfn.CEILING.MATH(L50/12) -> #N/A
A51: Kahnle, Tommy | B51: 0.89481205 | C51: {=_xlfn.TEXTSPLIT(A51,",")} -> Kahnle | D51: Tommy | E51: =REPLACE(_xlfn.CONCAT(D51," ",C51), 1, 1,"") -> Tommy Kahnle | G51: =VLOOKUP(E51,ADP!$B$1:$N$181,4,FALSE) -> #N/A | J51: Tommy Kahnle | K51: 0.89481205 | L51: #N/A | M51: =_xlfn.CEILING.MATH(L51/12) -> #N/A
A52: Jax, Griffin | B52: 0.8824934 | C52: {=_xlfn.TEXTSPLIT(A52,",")} -> Jax | D52: Griffin | E52: =REPLACE(_xlfn.CONCAT(D52," ",C52), 1, 1,"") -> Griffin Jax | G52: =VLOOKUP(E52,ADP!$B$1:$N$181,4,FALSE) -> 295.6 | J52: Griffin Jax | K52: 0.8824934 | L52: 295.6 | M52: =_xlfn.CEILING.MATH(L52/12) -> 25
A53: Hamilton, Ian | B53: 0.8822293 | C53: {=_xlfn.TEXTSPLIT(A53,",")} -> Hamilton | D53: Ian | E53: =REPLACE(_xlfn.CONCAT(D53," ",C53), 1, 1,"") -> Ian Hamilton | G53: =VLOOKUP(E53,ADP!$B$1:$N$181,4,FALSE) -> #N/A | J53: Ian Hamilton | K53: 0.8822293 | L53: #N/A | M53: =_xlfn.CEILING.MATH(L53/12) -> #N/A
A54: Helsley, Ryan | B54: 0.87516254 | C54: {=_xlfn.TEXTSPLIT(A54,",")} -> Helsley | D54: Ryan | E54: =REPLACE(_xlfn.CONCAT(D54," ",C54), 1, 1,"") -> Ryan Helsley | G54: =VLOOKUP(E54,ADP!$B$1:$N$181,4,FALSE) -> 50.7 | J54: Ryan Helsley | K54: 0.87516254 | L54: 50.7 | M54: =_xlfn.CEILING.MATH(L54/12) -> 5
A55: Estrada, Jeremiah | B55: 0.87516254 | C55: {=_xlfn.TEXTSPLIT(A55,",")} -> Estrada | D55: Jeremiah | E55: =REPLACE(_xlfn.CONCAT(D55," ",C55), 1, 1,"") -> Jeremiah Estrada | G55: =VLOOKUP(E55,ADP!$B$1:$N$181,4,FALSE) -> #N/A | J55: Jeremiah Estrada | K55: 0.87516254 | L55: #N/A | M55: =_xlfn.CEILING.MATH(L55/12) -> #N/A
A56: Santana, Dennis | B56: 0.87165487 | C56: {=_xlfn.TEXTSPLIT(A56,",")} -> Santana | D56: Dennis | E56: =REPLACE(_xlfn.CONCAT(D56," ",C56), 1, 1,"") -> Dennis Santana | G56: =VLOOKUP(E56,ADP!$B$1:$N$181,4,FALSE) -> #N/A | J56: Dennis Santana | K56: 0.87165487 | L56: #N/A | M56: =_xlfn.CEILING.MATH(L56/12) -> #N/A
A57: Leiter Jr., Mark | B57: 0.87133247 | C57: {=_xlfn.TEXTSPLIT(A57,",")} -> Leiter Jr. | D57: Mark | E57: =REPLACE(_xlfn.CONCAT(D57," ",C57), 1, 1,"") -> Mark Leiter Jr. | G57: =VLOOKUP(E57,ADP!$B$1:$N$181,4,FALSE) -> #N/A | J57: Mark Leiter Jr. | K57: 0.87133247 | L57: #N/A | M57: =_xlfn.CEILING.MATH(L57/12) -> #N/A
A58: Hoffman, Jeff | B58: 0.8692168 | C58: {=_xlfn.TEXTSPLIT(A58,",")} -> Hoffman | D58: Jeff | E58: =REPLACE(_xlfn.CONCAT(D58," ",C58), 1, 1,"") -> Jeff Hoffman | G58: =VLOOKUP(E58,ADP!$B$1:$N$181,4,FALSE) -> #N/A | J58: Jeff Hoffman | K58: 0.8692168 | L58: #N/A | M58: =_xlfn.CEILING.MATH(L58/12) -> #N/A
A59: Adam, Jason | B59: 0.8692168 | C59: {=_xlfn.TEXTSPLIT(A59,",")} -> Adam | D59: Jason | E59: =REPLACE(_xlfn.CONCAT(D59," ",C59), 1, 1,"") -> Jason Adam | G59: =VLOOKUP(E59,ADP!$B$1:$N$181,4,FALSE) -> #N/A | J59: Jason Adam | K59: 0.8692168 | L59: #N/A | M59: =_xlfn.CEILING.MATH(L59/12) -> #N/A
A60: MuÃ±oz, AndrÃ©s | B60: 0.8662155 | C60: {=_xlfn.TEXTSPLIT(A60,",")} -> MuÃ±oz | D60: AndrÃ©s | E60: =REPLACE(_xlfn.CONCAT(D60," ",C60), 1, 1,"") -> AndrÃ©s MuÃ±oz | G60: =VLOOKUP(E60,ADP!$B$1:$N$181,4,FALSE) -> #N/A | J60: AndrÃ©s MuÃ±oz | K60: 0.8662155 | L60: #N/A | M60: =_xlfn.CEILING.MATH(L60/12) -> #N/A
A61: Miller, Mason | B61: 0.8650866 | C61: {=_xlfn.TEXTSPLIT(A61,",")} -> Miller | D61: Mason | E61: =REPLACE(_xlfn.CONCAT(D61," ",C61), 1, 1,"") -> Mason Miller | G61: =VLOOKUP(E61,ADP!$B$1:$N$181,4,FALSE) -> 44.1 | J61: Mason Miller | K61: 0.8650866 | L61: 44.1 | M61: =_xlfn.CEILING.MATH(L61/12) -> 4
A62: Chivilli, Angel | B62: 0.8632359 | C62: {=_xlfn.TEXTSPLIT(A62,",")} -> Chivilli | D62: Angel | E62: =REPLACE(_xlfn.CONCAT(D62," ",C62), 1, 1,"") -> Angel Chivilli | G62: =VLOOKUP(E62,ADP!$B$1:$N$181,4,FALSE) -> #N/A | J62: Angel Chivilli | K62: 0.8632359 | L62: #N/A | M62: =_xlfn.CEILING.MATH(L62/12) -> #N/A
A63: Holmes, Grant | B63: 0.8534889 | C63: {=_xlfn.TEXTSPLIT(A63,",")} -> Holmes | D63: Grant | E63: =REPLACE(_xlfn.CONCAT(D63," ",C63), 1, 1,"") -> Grant Holmes | G63: =VLOOKUP(E63,ADP!$B$1:$N$181,4,FALSE) -> #N/A | J63: Grant Holmes | K63: 0.8534889 | L63: #N/A | M63: =_xlfn.CEILING.MATH(L63/12) -> #N/A
A64: JimÃ©nez, Joe | B64: 0.85112286 | C64: {=_xlfn.TEXTSPLIT(A64,",")} -> JimÃ©nez | D64: Joe | E64: =REPLACE(_xlfn.CONCAT(D64," ",C64), 1, 1,"") -> Joe JimÃ©nez | G64: =VLOOKUP(E64,ADP!$B$1:$N$181,4,FALSE) -> #N/A | J64: Joe JimÃ©nez | K64: 0.85112286 | L64: #N/A | M64: =_xlfn.CEILING.MATH(L64/12) -> #N/A
A65: Lee, Dylan | B65: 0.84517884 | C65: {=_xlfn.TEXTSPLIT(A65,",")} -> Lee | D65: Dylan | E65: =REPLACE(_xlfn.CONCAT(D65," ",C65), 1, 1,"") -> Dylan Lee | G65: =VLOOKUP(E65,ADP!$B$1:$N$181,4,FALSE) -> #N/A | J65: Dylan Lee | K65: 0.84517884 | L65: #N/A | M65: =_xlfn.CEILING.MATH(L65/12) -> #N/A
A66: Snell, Blake | B66: 0.8413762 | C66: {=_xlfn.TEXTSPLIT(A66,",")} -> Snell | D66: Blake | E66: =REPLACE(_xlfn.CONCAT(D66," ",C66), 1, 1,"") -> Blake Snell | G66: =VLOOKUP(E66,ADP!$B$1:$N$181,4,FALSE) -> 44.6 | J66: Blake Snell | K66: 0.8413762 | L66: 44.6 | M66: =_xlfn.CEILING.MATH(L66/12) -> 4
A67: Scott, Tanner | B67: 0.8358924 | C67: {=_xlfn.TEXTSPLIT(A67,",")} -> Scott | D67: Tanner | E67: =REPLACE(_xlfn.CONCAT(D67," ",C67), 1, 1,"") -> Tanner Scott | G67: =VLOOKUP(E67,ADP!$B$1:$N$181,4,FALSE) -> 121.5 | J67: Tanner Scott | K67: 0.8358924 | L67: 121.5 | M67: =_xlfn.CEILING.MATH(L67/12) -> 11
A68: Martinez, Justin | B68: 0.8344947 | C68: {=_xlfn.TEXTSPLIT(A68,",")} -> Martinez | D68: Justin | E68: =REPLACE(_xlfn.CONCAT(D68," ",C68), 1, 1,"") -> Justin Martinez | G68: =VLOOKUP(E68,ADP!$B$1:$N$181,4,FALSE) -> #N/A | J68: Justin Martinez | K68: 0.8344947 | L68: #N/A | M68: =_xlfn.CEILING.MATH(L68/12) -> #N/A
A69: Skenes, Paul | B69: 0.834039 | C69: {=_xlfn.TEXTSPLIT(A69,",")} -> Skenes | D69: Paul | E69: =REPLACE(_xlfn.CONCAT(D69," ",C69), 1, 1,"") -> Paul Skenes | G69: =VLOOKUP(E69,ADP!$B$1:$N$181,4,FALSE) -> 11.3 | J69: Paul Skenes | K69: 0.834039 | L69: 11.3 | M69: =_xlfn.CEILING.MATH(L69/12) -> 1
A70: Yates, Kirby | B70: 0.82513434 | C70: {=_xlfn.TEXTSPLIT(A70,",")} -> Yates | D70: Kirby | E70: =REPLACE(_xlfn.CONCAT(D70," ",C70), 1, 1,"") -> Kirby Yates | G70: =VLOOKUP(E70,ADP!$B$1:$N$181,4,FALSE) -> 177.3 | J70: Kirby Yates | K70: 0.82513434 | L70: 177.3 | M70: =_xlfn.CEILING.MATH(L70/12) -> 15
A71: Holton, Tyler | B71: 0.8214714 | C71: {=_xlfn.TEXTSPLIT(A71,",")} -> Holton | D71: Tyler | E71: =REPLACE(_xlfn.CONCAT(D71," ",C71), 1, 1,"") -> Tyler Holton | G71: =VLOOKUP(E71,ADP!$B$1:$N$181,4,FALSE) -> 460.3 | J71: Tyler Holton | K71: 0.8214714 | L71: 460.3 | M71: =_xlfn.CEILING.MATH(L71/12) -> 39
A72: Minter, A.J. | B72: 0.81833714 | C72: {=_xlfn.TEXTSPLIT(A72,",")} -> Minter | D72: A.J. | E72: =REPLACE(_xlfn.CONCAT(D72," ",C72), 1, 1,"") -> A.J. Minter | G72: =VLOOKUP(E72,ADP!$B$1:$N$181,4,FALSE) -> #N/A | J72: A.J. Minter | K72: 0.81833714 | L72: #N/A | M72: =_xlfn.CEILING.MATH(L72/12) -> #N/A
A73: Iglesias, Raisel | B73: 0.81632006 | C73: {=_xlfn.TEXTSPLIT(A73,",")} -> Iglesias | D73: Raisel | E73: =REPLACE(_xlfn.CONCAT(D73," ",C73), 1, 1,"") -> Raisel Iglesias | G73: =VLOOKUP(E73,ADP!$B$1:$N$181,4,FALSE) -> 50.9 | J73: Raisel Iglesias | K73: 0.81632006 | L73: 50.9 | M73: =_xlfn.CEILING.MATH(L73/12) -> 5
A74: Crochet, Garrett | B74: 0.8066467 | C74: {=_xlfn.TEXTSPLIT(A74,",")} -> Crochet | D74: Garrett | E74: =REPLACE(_xlfn.CONCAT(D74," ",C74), 1, 1,"") -> Garrett Crochet | G74: =VLOOKUP(E74,ADP!$B$1:$N$181,4,FALSE) -> 24.8 | J74: Garrett Crochet | K74: 0.8066467 | L74: 24.8 | M74: =_xlfn.CEILING.MATH(L74/12) -> 3
A75: Ray, Robbie | B75: 0.8041675 | C75: {=_xlfn.TEXTSPLIT(A75,",")} -> Ray | D75: Robbie | E75: =REPLACE(_xlfn.CONCAT(D75," ",C75), 1, 1,"") -> Robbie Ray | G75: =VLOOKUP(E75,ADP!$B$1:$N$181,4,FALSE) -> #N/A | J75: Robbie Ray | K75: 0.8041675 | L75: #N/A | M75: =_xlfn.CEILING.MATH(L75/12) -> #N/A
A76: DÃ­az, Edwin | B76: 0.80380064 | C76: {=_xlfn.TEXTSPLIT(A76,",")} -> DÃ­az | D76: Edwin | E76: =REPLACE(_xlfn.CONCAT(D76," ",C76), 1, 1,"") -> Edwin DÃ­az | G76: =VLOOKUP(E76,ADP!$B$1:$N$181,4,FALSE) -> #N/A | J76: Edwin DÃ­az | K76: 0.80380064 | L76: #N/A | M76: =_xlfn.CEILING.MATH(L76/12) -> #N/A
A77: Matsui, Yuki | B77: 0.80147976 | C77: {=_xlfn.TEXTSPLIT(A77,",")} -> Matsui | D77: Yuki | E77: =REPLACE(_xlfn.CONCAT(D77," ",C77), 1, 1,"") -> Yuki Matsui | G77: =VLOOKUP(E77,ADP!$B$1:$N$181,4,FALSE) -> #N/A | J77: Yuki Matsui | K77: 0.80147976 | L77: #N/A | M77: =_xlfn.CEILING.MATH(L77/12) -> #N/A
A78: Cano, Yennier | B78: 0.7959779 | C78: {=_xlfn.TEXTSPLIT(A78,",")} -> Cano | D78: Yennier | E78: =REPLACE(_xlfn.CONCAT(D78," ",C78), 1, 1,"") -> Yennier Cano | G78: =VLOOKUP(E78,ADP!$B$1:$N$181,4,FALSE) -> #N/A | J78: Yennier Cano | K78: 0.7959779 | L78: #N/A | M78: =_xlfn.CEILING.MATH(L78/12) -> #N/A
A79: Woo, Bryan | B79: 0.79037803 | C79: {=_xlfn.TEXTSPLIT(A79,",")} -> Woo | D79: Bryan | E79: =REPLACE(_xlfn.CONCAT(D79," ",C79), 1, 1,"") -> Bryan Woo | G79: =VLOOKUP(E79,ADP!$B$1:$N$181,4,FALSE) -> 133.3 | J79: Bryan Woo | K79: 0.79037803 | L79: 133.3 | M79: =_xlfn.CEILING.MATH(L79/12) -> 12
A80: Rasmussen, Drew | B80: 0.7689933 | C80: {=_xlfn.TEXTSPLIT(A80,",")} -> Rasmussen | D80: Drew | E80: =REPLACE(_xlfn.CONCAT(D80," ",C80), 1, 1,"") -> Drew Rasmussen | G80: =VLOOKUP(E80,ADP!$B$1:$N$181,4,FALSE) -> #N/A | J80: Drew Rasmussen | K80: 0.7689933 | L80: #N/A | M80: =_xlfn.CEILING.MATH(L80/12) -> #N/A
A81: Doval, Camilo | B81: 0.7596639 | C81: {=_xlfn.TEXTSPLIT(A81,",")} -> Doval | D81: Camilo | E81: =REPLACE(_xlfn.CONCAT(D81," ",C81), 1, 1,"") -> Camilo Doval | G81: =VLOOKUP(E81,ADP!$B$1:$N$181,4,FALSE) -> #N/A | J81: Camilo Doval | K81: 0.7596639 | L81: #N/A | M81: =_xlfn.CEILING.MATH(L81/12) -> #N/A
A82: Clase, Emmanuel | B82: 0.75655085 | C82: {=_xlfn.TEXTSPLIT(A82,",")} -> Clase | D82: Emmanuel | E82: =REPLACE(_xlfn.CONCAT(D82," ",C82), 1, 1,"") -> Emmanuel Clase | G82: =VLOOKUP(E82,ADP!$B$1:$N$181,4,FALSE) -> 34.9 | J82: Emmanuel Clase | K82: 0.75655085 | L82: 34.9 | M82: =_xlfn.CEILING.MATH(L82/12) -> 3
A83: Bazardo, Eduard | B83: 0.7543151 | C83: {=_xlfn.TEXTSPLIT(A83,",")} -> Bazardo | D83: Eduard | E83: =REPLACE(_xlfn.CONCAT(D83," ",C83), 1, 1,"") -> Eduard Bazardo | G83: =VLOOKUP(E83,ADP!$B$1:$N$181,4,FALSE) -> #N/A | J83: Eduard Bazardo | K83: 0.7543151 | L83: #N/A | M83: =_xlfn.CEILING.MATH(L83/12) -> #N/A
A84: Saucedo, Tayler | B84: 0.753265 | C84: {=_xlfn.TEXTSPLIT(A84,",")} -> Saucedo | D84: Tayler | E84: =REPLACE(_xlfn.CONCAT(D84," ",C84), 1, 1,"") -> Tayler Saucedo | G84: =VLOOKUP(E84,ADP!$B$1:$N$181,4,FALSE) -> #N/A | J84: Tayler Saucedo | K84: 0.753265 | L84: #N/A | M84: =_xlfn.CEILING.MATH(L84/12) -> #N/A
A85: Barlow, Scott | B85: 0.75111705 | C85: {=_xlfn.TEXTSPLIT(A85,",")} -> Barlow | D85: Scott | E85: =REPLACE(_xlfn.CONCAT(D85," ",C85), 1, 1,"") -> Scott Barlow | G85: =VLOOKUP(E85,ADP!$B$1:$N$181,4,FALSE) -> #N/A | J85: Scott Barlow | K85: 0.75111705 | L85: #N/A | M85: =_xlfn.CEILING.MATH(L85/12) -> #N/A

Sheet ADP
A1: # | B1: Name | C1: Team | D1: POS | E1: ADP | F1: Roster% | G1: Start% | H1: PA | I1: IP | J1: Dollars | K1: Card | L1: SB | M1: HR | N1: Dollars | O1: Card
A2: 1 | B2: Shohei Ohtani | C2: LAD | D2: DH | E2: 1.5 | F2: 1 | G2: 1 | H2: 731 | J2: 62.4 | L2: 59 | M2: 54 | N2: 62.4
A3: 2 | B3: Aaron Judge | C3: NYY | D3: OF/DH | E3: 3.4 | F3: 1 | G3: 1 | H3: 704 | J3: 53.6 | L3: 31 | M3: 32 | N3: 46.3
A4: 3 | B4: Bobby Witt Jr. | C4: KCR | D4: SS | E4: 1.6 | F4: 1 | G4: 1 | H4: 709 | J4: 46.3 | L4: 10 | M4: 58 | N4: 53.6
A5: 4 | B5: José Ramírez | C5: CLE | D5: 3B/DH | E5: 5 | F5: 1 | G5: 1 | H5: 682 | J5: 43.3 | L5: 67 | M5: 25 | N5: 32.7
A6: 5 | B6: Juan Soto | C6: NYM | D6: OF | E6: 7.8 | F6: 1 | G6: 1 | H6: 713 | J6: 37.3 | L6: 41 | M6: 39 | N6: 43.3
A7: 6 | B7: Tarik Skubal | C7: DET | D7: SP | E7: 13.8 | F7: 1 | G7: 1 | I7: 192 | J7: 37.2 | L7: 21 | M7: 37 | N7: 33.4
A8: 7 | B8: Gunnar Henderson | C8: BAL | D8: SS | E8: 6.1 | F8: 1 | G8: 0.99 | H8: 719 | J8: 33.4 | L8: 7 | M8: 41 | N8: 37.3
A9: 8 | B9: Zack Wheeler | C9: PHI | D9: SP | E9: 21.1 | F9: 1 | G9: 1 | I9: 200 | J9: 33 | L9: 11 | M9: 23 | N9: 7.8
A10: 9 | B10: Elly De La Cruz | C10: CIN | D10: SS | E10: 4.5 | F10: 1 | G10: 1 | H10: 696 | J10: 32.7 | L10: 35 | M10: 22 | N10: 22.5
A11: 10 | B11: Chris Sale | C11: ATL | D11: SP | E11: 37.3 | F11: 1 | G11: 1 | I11: 177.1 | J11: 32.7 | L11: 11 | M11: 21 | N11: 8.1
A12: 11 | B12: Francisco Lindor | C12: NYM | D12: SS | E12: 15.2 | F12: 1 | G12: 1 | H12: 689 | J12: 30.8 | L12: 16 | M12: 19 | N12: 15.4
A13: 12 | B13: William Contreras | C13: MIL | D13: C/DH | E13: 24.1 | F13: 1 | G13: 1 | H13: 679 | J13: 30.2 | L13: 24 | M13: 20 | N13: 16.5
A14: 13 | B14: Vladimir Guerrero Jr. | C14: TOR | D14: 1B/DH | E14: 14.4 | F14: 1 | G14: 1 | H14: 697 | J14: 30.2 | L14: 2 | M14: 30 | N14: 30.2
A15: 14 | B15: Marcell Ozuna | C15: ATL | D15: DH | E15: 71.5 | F15: 1 | G15: 1 | H15: 688 | J15: 29.6 | L15: 29 | M15: 33 | N15: 30.8
A16: 15 | B16: Brent Rooker | C16: ATH | D16: DH | E16: 67.4 | F16: 1 | G16: 0.99 | H16: 614 | J16: 29.3 | L16: 22 | M16: 21 | N16: 18.9
A17: 16 | B17: Jarren Duran | C17: BOS | D17: OF | E17: 21.1 | F17: 1 | G17: 1 | H17: 735 | J17: 28.8 | L17: 6 | M17: 35 | N17: 27
A18: 17 | B18: Yordan Alvarez | C18: HOU | D18: OF/DH | E18: 17.6 | F18: 1 | G18: 1 | H18: 635 | J18: 27 | L18: 34 | M18: 21 | N18: 28.8
A19: 18 | B19: Ketel Marte | C19: ARI | D19: 2B/DH | E19: 32.4 | F19: 1 | G19: 1 | H19: 583 | J19: 26.4 | L19: 7 | M19: 30 | N19: 20.4
A20: 19 | B20: Willy Adames | C20: SFG | D20: SS | E20: 94 | F20: 1 | G20: 0.99 | H20: 688 | J20: 25.8 | L20: 40 | M20: 24 | N20: 20
A21: 20 | B21: Paul Skenes | C21: PIT | D21: SP | E21: 11.3 | F21: 1 | G21: 1 | I21: 133 | J21: 24.9 | L21: 9 | M21: 23 | N21: 30.2
A22: 21 | B22: Kyle Schwarber | C22: PHI | D22: DH | E22: 77.7 | F22: 1 | G22: 0.97 | H22: 692 | J22: 24.5 | L22: 16 | M22: 24 | N22: 22.3
A23: 22 | B23: Teoscar Hernández | C23: LAD | D23: OF | E23: 61 | F23: 1 | G23: 1 | H23: 652 | J23: 24.3 | L23: 9 | M23: 22 | N23: 17.2
A24: 23 | B24: Logan Gilbert | C24: SEA | D24: SP | E24: 26 | F24: 1 | G24: 1 | I24: 208.1 | J24: 24.1 | L24: 19 | M24: 21 | N24: 18.2
A25: 24 | B25: Salvador Perez | C25: KCR | D25: C/1B/DH | E25: 74.3 | F25: 1 | G25: 1 | H25: 652 | J25: 22.9 | L25: 0 | M25: 19 | N25: 3.2
A26: 25 | B26: Shota Imanaga | C26: CHC | D26: SP | E26: 77.3 | F26: 1 | G26: 1 | I26: 173 | J26: 22.7 | L26: 7 | M26: 36 | N26: 26.4
A27: 26 | B27: Manny Machado | C27: SDP | D27: 3B/DH | E27: 38.3 | F27: 1 | G27: 1 | H27: 643 | J27: 22.7 | L27: 16 | M27: 4 | N27: -8.9
A28: 27 | B28: Corbin Carroll | C28: ARI | D28: OF | E28: 9.2 | F28: 1 | G28: 1 | H28: 684 | J28: 22.5 | L28: 3 | M28: 28 | N28: 17.7
A29: 28 | B29: Emmanuel Clase | C29: CLE | D29: RP | E29: 34.9 | F29: 1 | G29: 1 | I29: 74 | J29: 22.5 | L29: 10 | M29: 16 | N29: 3.6
A30: 29 | B30: Yainer Diaz | C30: HOU | D30: C/DH | E30: 57.6 | F30: 1 | G30: 1 | H30: 619 | J30: 22.3 | L30: 11 | M30: 29 | N30: 22.7
A31: 30 | B31: Jackson Merrill | C31: SDP | D31: OF | E31: 25.6 | F31: 1 | G31: 1 | H31: 593 | J31: 22.3 | L31: 0 | M31: 29 | N31: 13.3
A32: 31 | B32: Anthony Santander | C32: TOR | D32: OF/DH | E32: 102.4 | F32: 1 | G32: 1 | H32: 665 | J32: 21.9 | L32: 22 | M32: 21 | N32: 13.9
A33: 32 | B33: Cal Raleigh | C33: SEA | D33: C | E33: 88.4 | F33: 1 | G33: 1 | H33: 628 | J33: 21.7 | L33: 19 | M33: 16 | N33: 11.5
A34: 33 | B34: Bryce Miller | C34: SEA | D34: SP | E34: 79 | F34: 1 | G34: 1 | I34: 180 | J34: 21.4 | L34: 1 | M34: 30 | N34: 13
A35: 34 | B35: Seth Lugo | C35: KCR | D35: SP | E35: 189 | F35: 1 | G35: 1 | I35: 206.1 | J35: 21.3 | L35: 31 | M35: 20 | N35: 13.6
A36: 35 | B36: Jose Altuve | C36: HOU | D36: 2B | E36: 59.8 | F36: 1 | G36: 1 | H36: 682 | J36: 21.3 | L36: 3 | M36: 34 | N36: 15.4
A37: 36 | B37: Jurickson Profar | C37: ATL | D37: OF | E37: 187 | F37: 1 | G37: 1 | H37: 668 | J37: 21.1 | L37: 14 | M37: 9 | N37: -1.7
A38: 37 | B38: Corbin Burnes | C38: ARI | D38: SP | E38: 38.9 | F38: 1 | G38: 1 | I38: 194 | J38: 20.8 | L38: 2 | M38: 16 | N38: 22.3
A39: 38 | B39: Bryce Harper | C39: PHI | D39: 1B | E39: 22.6 | F39: 1 | G39: 1 | H39: 631 | J39: 20.4 | L39: 22 | M39: 20 | N39: 21.3
A40: 39 | B40: Jazz Chisholm Jr. | C40: NYY | D40: 3B/OF | E40: 23.4 | F40: 1 | G40: 1 | H40: 621 | J40: 20 | L40: 12 | M40: 33 | N40: 24.3
A41: 40 | B41: Framber Valdez | C41: HOU | D41: SP | E41: 61.3 | F41: 1 | G41: 1 | I41: 176 | J41: 19.5 | L41: 1 | M41: 19 | N41: 14.9
A42: 41 | B42: Dylan Cease | C42: SDP | D42: SP | E42: 46.3 | F42: 1 | G42: 1 | I42: 189 | J42: 19.5 | L42: 11 | M42: 39 | N42: 29.3
A43: 42 | B43: Eugenio Suárez | C43: ARI | D43: 3B | E43: 180.2 | F43: 1 | G43: 0.99 | H43: 640 | J43: 19.4 | L43: 18 | M43: 22 | N43: 10
A44: 43 | B44: Brenton Doyle | C44: COL | D44: OF | E44: 76.6 | F44: 1 | G44: 1 | H44: 603 | J44: 19 | L44: 8 | M44: 10 | N44: -1.5
A45: 44 | B45: Jackson Chourio | C45: MIL | D45: OF | E45: 16.6 | F45: 1 | G45: 1 | H45: 573 | J45: 18.9 | L45: 1 | M45: 39 | N45: 29.6
A46: 45 | B46: Ronel Blanco | C46: HOU | D46: SP | E46: 246.3 | F46: 1 | G46: 0.96 | I46: 167 | J46: 18.8 | L46: 0 | M46: 27 | N46: 22.9
A47: 46 | B47: Jack Flaherty | C47: DET | D47: SP | E47: 136.8 | F47: 1 | G47: 1 | I47: 162 | J47: 18.8 | L47: 2 | M47: 6 | N47: -15.4
A48: 47 | B48: Trea Turner | C48: PHI | D48: SS | E48: 25.7 | F48: 1 | G48: 1 | H48: 539 | J48: 18.2 | L48: 4 | M48: 15 | N48: 5.3
A49: 48 | B49: Matt Chapman | C49: SFG | D49: 3B | E49: 130.2 | F49: 1 | G49: 1 | H49: 647 | J49: 18 | L49: 30 | M49: 23 | N49: 19
A50: 49 | B50: Josh Naylor | C50: ARI | D50: 1B | E50: 106.6 | F50: 1 | G50: 1 | H50: 633 | J50: 17.9 | L50: 5 | M50: 38 | N50: 24.5
A51: 50 | B51: Rafael Devers | C51: BOS | D51: 3B | E51: 34.8 | F51: 1 | G51: 0.99 | H51: 601 | J51: 17.7 | L51: 23 | M51: 14 | N51: -1.7
A52: 51 | B52: Bryan Reynolds | C52: PIT | D52: OF/DH | E52: 97.9 | F52: 1 | G52: 1 | H52: 692 | J52: 17.5 | L52: 16 | M52: 21 | N52: 16.4
A53: 52 | B53: Hunter Greene | C53: CIN | D53: SP | E53: 95.8 | F53: 1 | G53: 1 | I53: 150 | J53: 17.5 | L53: 6 | M53: 34 | N53: 21.7
A54: 53 | B54: Freddie Freeman | C54: LAD | D54: 1B | E54: 25.6 | F54: 1 | G54: 1 | H54: 638 | J54: 17.2 | L54: 6 | M54: 18 | N54: 4.7
A55: 54 | B55: Tyler Holton | C55: DET | D55: SP | E55: 460.3 | F55: 1 | G55: 0.07 | I55: 94 | J55: 16.8 | L55: 21 | M55: 32 | N55: 25.8
A56: 55 | B56: Julio Rodríguez | C56: SEA | D56: OF | E56: 13.7 | F56: 1 | G56: 1 | H56: 613 | J56: 16.5 | L56: 2 | M56: 26 | N56: 10.3
A57: 56 | B57: Reynaldo López | C57: ATL | D57: SP | E57: 165.5 | F57: 1 | G57: 1 | I57: 135.1 | J57: 16.5 | L57: 10 | M57: 24 | N57: 17.5
A58: 57 | B58: Cole Ragans | C58: KCR | D58: SP | E58: 49.5 | F58: 1 | G58: 1 | I58: 186 | J58: 16.5 | L58: 0 | M58: 27 | N58: 8.7
A59: 58 | B59: Michael King | C59: SDP | D59: SP | E59: 62.8 | F59: 1 | G59: 1 | I59: 173.1 | J59: 16.4 | L59: 8 | M59: 23 | N59: 12.1
A60: 59 | B60: Seiya Suzuki | C60: CHC | D60: OF/DH | E60: 85.6 | F60: 1 | G60: 1 | H60: 585 | J60: 16.4 | L60: 2 | M60: 44 | N60: 21.9
A61: 60 | B61: Ian Happ | C61: CHC | D61: OF | E61: 134.5 | F61: 1 | G61: 1 | H61: 657 | J61: 16.2 | L61: 1 | M61: 20 | N61: 16
A62: 61 | B62: George Kirby | C62: SEA | D62: SP | E62: 45.8 | F62: 1 | G62: 1 | I62: 191 | J62: 16.1 | L62: 9 | M62: 18 | N62: 11.6
A63: 62 | B63: Kirby Yates | C63: LAD | D63: RP | E63: 177.3 | F63: 1 | G63: 0.98 | I63: 61.1 | J63: 16.1 | L63: 6 | M63: 31 | N63: 17.9
A64: 63 | B64: Will Smith | C64: LAD | D64: C | E64: 103.4 | F64: 1 | G64: 1 | H64: 544 | J64: 16 | L64: 4 | M64: 24 | N64: 13.1
A65: 64 | B65: Pete Alonso | C65: NYM | D65: 1B | E65: 52.4 | F65: 1 | G65: 1 | H65: 695 | J65: 15.4 | L65: 1 | M65: 19 | N65: 9.6
A66: 65 | B66: Mookie Betts | C66: LAD | D66: SS/OF | E66: 12.7 | F66: 1 | G66: 1 | H66: 516 | J66: 15.4 | L66: 1 | M66: 29 | N66: 10.3
A67: 66 | B67: Ezequiel Tovar | C67: COL | D67: SS | E67: 127.6 | F67: 1 | G67: 0.99 | H67: 695 | J67: 15.4 | L67: 21 | M67: 11 | N67: 4.6
A68: 67 | B68: Ryan Helsley | C68: STL | D68: RP | E68: 50.7 | F68: 1 | G68: 1 | I68: 66 | J68: 15.4 | L68: 4 | M68: 29 | N68: 14.7
A69: 68 | B69: Zach Neto | C69: LAA | D69: SS | E69: 198.5 | F69: 1 | G69: 0.61 | H69: 602 | J69: 15.3 | L69: 6 | M69: 10 | N69: -13.6
A70: 69 | B70: Adley Rutschman | C70: BAL | D70: C/DH | E70: 65.1 | F70: 1 | G70: 1 | H70: 638 | J70: 14.9 | L70: 0 | M70: 13 | N70: -10.8
A71: 70 | B71: Tyler Glasnow | C71: LAD | D71: SP | E71: 98.4 | F71: 1 | G71: 0.99 | I71: 134 | J71: 14.8 | L71: 5 | M71: 4 | N71: -13.9
A72: 71 | B72: Shea Langeliers | C72: ATH | D72: C | E72: 124.4 | F72: 1 | G72: 1 | H72: 534 | J72: 14.7 | L72: 6 | M72: 26 | N72: 15.4
A73: 72 | B73: Raisel Iglesias | C73: ATL | D73: RP | E73: 50.9 | F73: 1 | G73: 1 | I73: 69 | J73: 14.6 | L73: 0 | M73: 16 | N73: -4.9
A74: 73 | B74: Sean Manaea | C74: NYM | D74: SP | E74: 193 | F74: 1 | G74: 0.71 | I74: 181.1 | J74: 14.5 | L74: 15 | M74: 27 | N74: 18
A75: 74 | B75: Bryan Woo | C75: SEA | D75: SP | E75: 133.3 | F75: 1 | G75: 0.98 | I75: 121 | J75: 14.3 | L75: 22 | M75: 18 | N75: 12.5
A76: 75 | B76: Bailey Ober | C76: MIN | D76: SP | E76: 81.2 | F76: 1 | G76: 1 | I76: 178.1 | J76: 14.2 | L76: 12 | M76: 3 | N76: -16.6
A77: 76 | B77: Sonny Gray | C77: STL | D77: SP | E77: 109.9 | F77: 1 | G77: 1 | I77: 166 | J77: 14.1 | L77: 25 | M77: 20 | N77: 13.3
A78: 77 | B78: Tyler Stephenson | C78: CIN | D78: C | E78: 156 | F78: 1 | G78: 1 | H78: 515 | J78: 14.1 | L78: 3 | M78: 26 | N78: 12.7
A79: 78 | B79: Oneil Cruz | C79: PIT | D79: SS/OF | E79: 42.5 | F79: 1 | G79: 1 | H79: 599 | J79: 13.9 | L79: 13 | M79: 25 | N79: 16.2
A80: 79 | B80: Brandon Nimmo | C80: NYM | D80: OF | E80: 186.9 | F80: 1 | G80: 0.99 | H80: 663 | J80: 13.8 | L80: 2 | M80: 20 | N80: 10.5
A81: 80 | B81: Nick Castellanos | C81: PHI | D81: OF | E81: 178.4 | F81: 1 | G81: 1 | H81: 659 | J81: 13.7 | L81: 20 | M81: 20 | N81: 6.7
A82: 81 | B82: CJ Abrams | C82: WSN | D82: SS | E82: 50.8 | F82: 1 | G82: 1 | H82: 602 | J82: 13.6 | L82: 27 | M82: 10 | N82: 1.1
A83: 82 | B83: Tanner Bibee | C83: CLE | D83: SP | E83: 88.7 | F83: 1 | G83: 1 | I83: 173.1 | J83: 13.6 | L83: 28 | M83: 12 | N83: 10.2
A84: 83 | B84: Spencer Steer | C84: CIN | D84: 1B/OF | E84: 133.2 | F84: 1 | G84: 0.87 | H84: 656 | J84: 13.3 | L84: 2 | M84: 14 | N84: 7
A85: 84 | B85: Matt Olson | C85: ATL | D85: 1B | E85: 38.7 | F85: 1 | G85: 1 | H85: 685 | J85: 13.3 | L85: 5 | M85: 2 | N85: -20
A86: 85 | B86: Alec Burleson | C86: STL | D86: OF/DH | E86: 237 | F86: 1 | G86: 1 | H86: 595 | J86: 13.1 | L86: 11 | M86: 15 | N86: 9.3
A87: 86 | B87: Riley Greene | C87: DET | D87: OF/DH | E87: 108.8 | F87: 1 | G87: 1 | H87: 584 | J87: 13.1 | L87: 50 | M87: 7 | N87: 12.5
A88: 87 | B88: Corey Seager | C88: TEX | D88: SS | E88: 49.2 | F88: 1 | G88: 1 | H88: 533 | J88: 13 | L88: 12 | M88: 14 | N88: 10.4
A89: 88 | B89: Luis Gil | C89: NYY | D89: SP | E89: 212.9 | F89: 1 | G89: 0.77 | I89: 151.1 | J89: 13 | L89: 13 | M89: 11 | N89: -0.4
A90: 89 | B90: Alec Bohm | C90: PHI | D90: 3B | E90: 180.2 | F90: 1 | G90: 0.99 | H90: 606 | J90: 12.7 | L90: 31 | M90: 1 | N90: 0
A91: 90 | B91: Alex Bregman | C91: BOS | D91: 3B | E91: 134.1 | F91: 1 | G91: 1 | H91: 634 | J91: 12.7 | L91: 25 | M91: 10 | N91: -2.6
A92: 91 | B92: Luis García Jr. | C92: WSN | D92: 2B | E92: 130.5 | F92: 1 | G92: 1 | H92: 528 | J92: 12.5 | L92: 11 | M92: 25 | N92: 9.2
A93: 92 | B93: Ryan Walker | C93: SFG | D93: RP | E93: 84.3 | F93: 1 | G93: 1 | I93: 80 | J93: 12.5 | L93: 1 | M93: 11 | N93: 1.4
A94: 93 | B94: Brice Turang | C94: MIL | D94: 2B | E94: 147.2 | F94: 1 | G94: 1 | H94: 619 | J94: 12.5 | L94: 1 | M94: 19 | N94: 14.1
A95: 94 | B95: Nick Martinez | C95: CIN | D95: SP | E95: 337 | F95: 1 | G95: 0.65 | I95: 142 | J95: 12.5 | L95: 24 | M95: 6 | N95: -0.6
A96: 95 | B96: Jeremy Peña | C96: HOU | D96: SS | E96: 165 | F96: 1 | G96: 1 | H96: 650 | J96: 12.3 | L96: 20 | M96: 15 | N96: 12.3
A97: 96 | B97: Lourdes Gurriel Jr. | C97: ARI | D97: OF | E97: 221.7 | F97: 1 | G97: 1 | H97: 553 | J97: 12.3 | L97: 9 | M97: 24 | N97: 10.3
A98: 97 | B98: José Berríos | C98: TOR | D98: SP | E98: 239.6 | F98: 1 | G98: 0.97 | I98: 192 | J98: 12.3 | L98: 30 | M98: 9 | N98: 7.3
A99: 98 | B99: Marcus Semien | C99: TEX | D99: 2B | E99: 101.1 | F99: 1 | G99: 1 | H99: 718 | J99: 12.1 | L99: 19 | M99: 16 | N99: 9.1
A100: 99 | B100: Aaron Nola | C100: PHI | D100: SP | E100: 87 | F100: 1 | G100: 1 | I100: 199 | J100: 11.7 | L100: 11 | M100: 22 | N100: 6.7
...
